Work_ID,Work_Location,Hours_Worked_Per_Week,Number_of_Virtual_Meetings,Company_Support_for_Remote_Work
1,Hybrid,47,7,1
2,Remote,52,4,2
3,Hybrid,46,11,5
4,Onsite,32,8,3
5,Onsite,35,12,3
6,Hybrid,39,3,1
7,Remote,51,7,3
8,Onsite,54,7,4
9,Hybrid,24,4,4
10,Hybrid,57,6,1
11,Remote,48,3,2
12,Hybrid,26,12,3
13,Remote,21,7,1
14,Hybrid,45,13,5
15,Remote,59,11,3
16,Remote,44,11,4
17,Onsite,52,9,1
18,Onsite,37,8,5
19,Remote,36,6,2
20,Remote,59,4,1
21,Hybrid,21,1,1
22,Onsite,54,12,4
23,Onsite,57,1,4
24,Onsite,22,12,3
25,Remote,54,15,4
26,Onsite,21,14,3
27,Onsite,24,12,4
28,Onsite,56,4,4
29,Onsite,33,10,1
30,Remote,25,15,1
31,Onsite,20,11,2
32,Hybrid,33,14,5
33,Remote,20,14,5
34,Remote,26,9,4
35,Hybrid,22,6,3
36,Hybrid,57,8,5
37,Onsite,30,12,3
38,Remote,47,14,5
39,Onsite,48,12,1
40,Hybrid,20,1,5
41,Remote,44,15,5
42,Onsite,29,13,5
43,Remote,58,6,3
44,Remote,53,12,3
45,Remote,23,6,2
46,Remote,42,8,3
47,Remote,35,15,5
48,Remote,39,2,4
49,Onsite,29,9,3
50,Onsite,37,3,3
51,Onsite,28,10,4
52,Remote,31,9,1
53,Onsite,26,14,2
54,Onsite,46,15,1
55,Hybrid,55,6,1
56,Hybrid,47,12,5
57,Remote,48,13,5
58,Onsite,49,6,3
59,Remote,51,4,3
60,Remote,57,13,5
61,Hybrid,33,14,2
62,Remote,30,15,5
63,Hybrid,28,4,2
64,Onsite,31,15,5
65,Hybrid,37,0,2
66,Remote,31,3,4
67,Hybrid,46,3,2
68,Remote,20,6,4
69,Onsite,51,8,1
70,Remote,28,13,1
71,Onsite,39,4,1
72,Remote,29,13,2
73,Onsite,30,14,1
74,Hybrid,53,7,1
75,Onsite,57,10,3
76,Onsite,49,3,3
77,Onsite,55,8,2
78,Remote,37,10,1
79,Remote,51,5,1
80,Hybrid,21,7,3
81,Hybrid,21,10,4
82,Onsite,44,9,2
83,Hybrid,26,10,2
84,Hybrid,43,6,3
85,Hybrid,42,14,5
86,Hybrid,44,8,4
87,Onsite,27,0,1
88,Hybrid,43,5,2
89,Remote,38,0,2
90,Hybrid,38,4,4
91,Onsite,57,4,2
92,Onsite,60,3,5
93,Onsite,29,0,5
94,Remote,54,12,4
95,Onsite,31,11,4
96,Remote,54,8,3
97,Hybrid,33,11,5
98,Hybrid,25,1,3
99,Onsite,21,15,5
100,Hybrid,45,10,4
101,Onsite,53,5,1
102,Hybrid,46,12,2
103,Hybrid,22,9,4
104,Hybrid,60,12,5
105,Hybrid,42,2,3
106,Onsite,60,2,3
107,Onsite,35,14,2
108,Hybrid,44,2,5
109,Remote,50,2,2
110,Remote,22,7,5
111,Hybrid,29,13,5
112,Remote,34,8,1
113,Remote,30,7,5
114,Onsite,53,0,5
115,Remote,29,5,3
116,Onsite,27,1,3
117,Onsite,44,14,3
118,Remote,42,13,3
119,Hybrid,22,4,3
120,Hybrid,34,13,5
121,Onsite,51,13,5
122,Hybrid,48,6,3
123,Onsite,30,10,1
124,Onsite,59,7,5
125,Remote,26,14,4
126,Hybrid,60,1,4
127,Onsite,38,2,1
128,Remote,34,0,2
129,Onsite,46,12,2
130,Hybrid,35,2,3
131,Remote,23,9,5
132,Remote,28,15,4
133,Onsite,57,10,2
134,Hybrid,29,4,2
135,Hybrid,39,1,2
136,Remote,46,4,5
137,Remote,26,9,5
138,Remote,32,4,5
139,Remote,30,11,5
140,Hybrid,48,3,1
141,Onsite,44,13,5
142,Hybrid,49,15,4
143,Hybrid,23,0,1
144,Onsite,33,6,2
145,Remote,35,15,2
146,Remote,41,8,4
147,Hybrid,34,12,3
148,Remote,44,10,5
149,Onsite,52,8,4
150,Onsite,57,11,3
151,Remote,32,15,3
152,Remote,31,6,4
153,Hybrid,58,15,2
154,Remote,26,9,2
155,Remote,57,5,4
156,Onsite,20,8,1
157,Hybrid,26,0,2
158,Hybrid,43,15,3
159,Onsite,50,14,3
160,Onsite,52,0,3
161,Hybrid,37,1,1
162,Hybrid,38,0,1
163,Hybrid,55,11,2
164,Hybrid,53,14,1
165,Onsite,20,13,1
166,Hybrid,46,1,5
167,Onsite,30,8,2
168,Remote,50,8,3
169,Remote,50,13,2
170,Hybrid,50,0,3
171,Remote,23,7,3
172,Onsite,45,3,4
173,Hybrid,25,4,3
174,Remote,36,9,4
175,Remote,35,7,4
176,Hybrid,55,12,4
177,Onsite,47,10,2
178,Hybrid,57,10,4
179,Hybrid,22,9,1
180,Remote,43,5,2
181,Remote,45,9,4
182,Onsite,56,14,1
183,Onsite,46,14,2
184,Hybrid,60,0,2
185,Remote,32,9,1
186,Hybrid,59,13,4
187,Onsite,60,13,5
188,Hybrid,43,4,3
189,Remote,33,8,2
190,Hybrid,20,14,2
191,Hybrid,27,2,3
192,Onsite,43,1,2
193,Onsite,23,12,1
194,Onsite,29,0,4
195,Remote,47,0,4
196,Onsite,46,12,5
197,Hybrid,40,2,4
198,Remote,47,0,3
199,Remote,53,7,2
200,Hybrid,55,14,1
201,Remote,40,1,3
202,Hybrid,28,8,1
203,Hybrid,39,14,1
204,Onsite,41,5,2
205,Onsite,21,3,5
206,Onsite,34,11,5
207,Remote,36,14,2
208,Remote,32,2,4
209,Hybrid,21,8,5
210,Onsite,56,3,4
211,Onsite,58,8,4
212,Onsite,35,8,4
213,Hybrid,52,3,5
214,Remote,33,8,4
215,Remote,47,9,4
216,Onsite,56,13,4
217,Onsite,33,4,2
218,Remote,60,9,4
219,Hybrid,32,5,1
220,Hybrid,48,9,5
221,Hybrid,39,6,5
222,Onsite,23,6,2
223,Hybrid,38,3,1
224,Remote,30,5,2
225,Onsite,35,3,1
226,Remote,22,0,4
227,Onsite,28,15,3
228,Onsite,57,4,5
229,Hybrid,48,14,1
230,Onsite,45,14,4
231,Onsite,34,3,2
232,Hybrid,59,9,2
233,Remote,31,6,2
234,Onsite,55,12,5
235,Remote,23,11,4
236,Hybrid,51,7,1
237,Remote,32,11,4
238,Remote,41,14,1
239,Hybrid,46,10,1
240,Onsite,58,15,2
241,Onsite,59,13,3
242,Remote,40,1,4
243,Remote,56,3,1
244,Onsite,47,11,3
245,Hybrid,38,2,3
246,Remote,59,12,1
247,Onsite,47,4,4
248,Remote,49,6,5
249,Hybrid,20,6,2
250,Hybrid,50,9,2
251,Hybrid,32,0,1
252,Hybrid,23,8,3
253,Remote,22,13,3
254,Hybrid,33,11,2
255,Hybrid,32,13,5
256,Onsite,51,0,2
257,Hybrid,49,11,3
258,Remote,30,9,3
259,Remote,25,9,5
260,Onsite,40,12,3
261,Onsite,32,13,1
262,Onsite,20,15,2
263,Hybrid,35,5,5
264,Remote,49,2,5
265,Onsite,34,5,4
266,Hybrid,58,13,5
267,Onsite,26,4,3
268,Onsite,36,7,3
269,Hybrid,48,3,4
270,Onsite,57,5,5
271,Hybrid,32,8,2
272,Remote,55,7,4
273,Hybrid,28,3,2
274,Onsite,53,10,3
275,Onsite,36,10,4
276,Remote,54,7,1
277,Remote,33,8,5
278,Onsite,39,1,4
279,Hybrid,48,4,1
280,Remote,60,7,3
281,Remote,24,1,4
282,Remote,28,7,3
283,Onsite,28,14,1
284,Remote,48,12,2
285,Hybrid,51,5,1
286,Hybrid,39,5,2
287,Remote,25,2,2
288,Hybrid,53,12,3
289,Hybrid,44,13,1
290,Hybrid,31,3,3
291,Onsite,58,2,3
292,Hybrid,26,5,4
293,Hybrid,20,4,3
294,Hybrid,28,14,2
295,Remote,35,14,5
296,Remote,30,14,2
297,Hybrid,28,0,2
298,Remote,21,4,3
299,Remote,56,13,5
300,Hybrid,25,10,2
301,Remote,21,0,2
302,Remote,50,2,5
303,Onsite,50,3,5
304,Hybrid,27,10,5
305,Onsite,31,14,2
306,Hybrid,45,11,4
307,Remote,23,8,2
308,Onsite,42,14,1
309,Onsite,37,8,4
310,Onsite,40,7,1
311,Onsite,23,1,5
312,Remote,20,3,4
313,Remote,51,8,5
314,Onsite,46,1,1
315,Remote,37,7,2
316,Onsite,42,4,5
317,Hybrid,53,15,2
318,Hybrid,26,0,3
319,Onsite,48,9,5
320,Onsite,58,0,5
321,Hybrid,52,7,2
322,Hybrid,52,13,1
323,Onsite,49,7,3
324,Hybrid,55,4,4
325,Remote,33,0,3
326,Remote,55,12,3
327,Onsite,24,7,4
328,Onsite,25,6,4
329,Hybrid,40,0,3
330,Hybrid,59,3,1
331,Onsite,22,9,2
332,Hybrid,47,15,2
333,Hybrid,31,15,1
334,Onsite,41,5,5
335,Remote,52,0,2
336,Hybrid,48,0,4
337,Onsite,41,14,3
338,Remote,21,7,5
339,Remote,32,7,5
340,Remote,40,12,3
341,Onsite,22,10,3
342,Hybrid,44,9,5
343,Onsite,41,15,4
344,Remote,37,11,2
345,Onsite,54,12,3
346,Onsite,31,3,2
347,Hybrid,53,13,5
348,Remote,23,13,3
349,Remote,58,3,2
350,Remote,26,7,2
351,Remote,46,7,3
352,Remote,20,7,4
353,Hybrid,56,0,2
354,Onsite,28,15,5
355,Hybrid,39,2,5
356,Onsite,22,10,4
357,Onsite,32,4,2
358,Hybrid,28,9,2
359,Hybrid,22,6,2
360,Onsite,53,2,2
361,Hybrid,33,11,1
362,Remote,34,5,2
363,Remote,50,0,5
364,Onsite,28,1,5
365,Onsite,51,7,4
366,Remote,35,0,4
367,Remote,39,8,2
368,Hybrid,58,14,3
369,Hybrid,34,3,2
370,Hybrid,48,4,4
371,Remote,52,0,5
372,Remote,59,8,1
373,Remote,32,14,1
374,Remote,41,4,2
375,Remote,34,14,4
376,Hybrid,41,8,2
377,Remote,55,9,4
378,Remote,50,8,4
379,Remote,25,9,2
380,Onsite,21,12,5
381,Hybrid,44,11,3
382,Remote,28,0,3
383,Onsite,54,8,1
384,Hybrid,55,12,3
385,Remote,26,10,1
386,Onsite,41,7,4
387,Onsite,50,4,5
388,Hybrid,55,12,5
389,Hybrid,22,2,5
390,Hybrid,21,4,1
391,Hybrid,28,13,5
392,Remote,22,6,3
393,Remote,58,14,2
394,Remote,39,0,1
395,Onsite,35,15,2
396,Hybrid,56,3,1
397,Remote,29,13,1
398,Hybrid,24,0,1
399,Onsite,60,4,3
400,Remote,50,10,5
401,Remote,27,14,3
402,Remote,43,3,4
403,Hybrid,30,3,2
404,Onsite,26,15,3
405,Onsite,47,7,1
406,Onsite,56,14,5
407,Hybrid,30,15,5
408,Onsite,47,10,5
409,Remote,38,7,4
410,Hybrid,49,0,1
411,Remote,49,0,2
412,Remote,37,11,3
413,Hybrid,24,13,4
414,Hybrid,53,0,1
415,Remote,33,14,5
416,Onsite,41,13,1
417,Remote,31,15,3
418,Onsite,29,4,5
419,Hybrid,33,7,1
420,Remote,58,8,5
421,Hybrid,42,12,2
422,Hybrid,23,15,1
423,Hybrid,41,10,1
424,Onsite,33,9,2
425,Hybrid,46,13,3
426,Remote,25,9,1
427,Onsite,55,1,1
428,Onsite,53,4,3
429,Onsite,47,10,1
430,Hybrid,35,14,4
431,Hybrid,39,8,5
432,Hybrid,34,12,5
433,Hybrid,27,9,1
434,Remote,22,4,4
435,Onsite,48,1,1
436,Remote,52,3,3
437,Onsite,40,5,2
438,Hybrid,41,7,5
439,Hybrid,56,15,4
440,Onsite,57,9,5
441,Remote,36,5,5
442,Remote,32,7,3
443,Remote,58,14,4
444,Remote,59,15,1
445,Onsite,22,3,5
446,Remote,49,10,3
447,Onsite,42,14,3
448,Onsite,20,5,3
449,Remote,22,5,2
450,Hybrid,48,1,2
451,Remote,20,1,3
452,Hybrid,24,8,5
453,Hybrid,22,9,2
454,Onsite,58,4,2
455,Hybrid,58,2,2
456,Hybrid,40,13,1
457,Hybrid,24,14,3
458,Onsite,43,7,2
459,Remote,50,9,2
460,Remote,30,14,1
461,Hybrid,35,15,2
462,Remote,37,13,5
463,Onsite,51,9,5
464,Onsite,54,11,4
465,Remote,58,15,2
466,Onsite,36,1,5
467,Onsite,53,10,1
468,Hybrid,56,12,5
469,Hybrid,27,4,1
470,Remote,20,11,3
471,Remote,25,14,3
472,Onsite,35,5,2
473,Hybrid,34,4,4
474,Onsite,21,5,4
475,Remote,21,2,1
476,Onsite,29,8,3
477,Onsite,33,5,5
478,Hybrid,42,11,3
479,Onsite,38,7,3
480,Remote,40,4,5
481,Remote,24,4,5
482,Hybrid,57,7,3
483,Remote,41,13,2
484,Onsite,40,13,5
485,Onsite,47,3,3
486,Onsite,53,2,1
487,Hybrid,27,13,5
488,Hybrid,33,13,2
489,Hybrid,50,3,5
490,Remote,40,5,4
491,Remote,56,8,4
492,Remote,29,15,5
493,Remote,27,1,2
494,Onsite,55,11,5
495,Remote,28,14,1
496,Remote,59,12,4
497,Hybrid,40,1,5
498,Onsite,38,13,5
499,Remote,37,13,3
500,Remote,36,0,5
501,Remote,55,11,5
502,Remote,47,10,3
503,Onsite,51,14,5
504,Hybrid,42,14,4
505,Hybrid,45,6,4
506,Hybrid,46,4,3
507,Hybrid,60,0,4
508,Onsite,45,2,5
509,Hybrid,33,11,3
510,Onsite,44,2,4
511,Remote,24,0,1
512,Hybrid,28,4,5
513,Hybrid,56,1,3
514,Onsite,22,5,1
515,Onsite,34,4,5
516,Onsite,34,1,3
517,Hybrid,55,8,5
518,Onsite,20,15,5
519,Onsite,53,7,1
520,Hybrid,31,3,5
521,Hybrid,51,10,4
522,Hybrid,33,3,1
523,Hybrid,46,0,3
524,Onsite,32,4,3
525,Remote,25,11,1
526,Hybrid,43,14,4
527,Remote,42,1,3
528,Remote,49,10,5
529,Hybrid,50,2,5
530,Onsite,44,6,3
531,Remote,32,6,2
532,Hybrid,51,3,5
533,Hybrid,51,6,5
534,Remote,55,8,4
535,Onsite,26,12,3
536,Onsite,58,12,1
537,Hybrid,44,6,1
538,Onsite,39,11,1
539,Hybrid,39,0,3
540,Remote,45,1,2
541,Onsite,48,4,3
542,Hybrid,30,2,3
543,Remote,27,11,4
544,Hybrid,25,9,1
545,Hybrid,25,14,4
546,Onsite,39,9,4
547,Hybrid,31,6,5
548,Remote,23,6,1
549,Hybrid,39,9,1
550,Onsite,39,10,5
551,Remote,27,11,1
552,Hybrid,45,12,4
553,Hybrid,23,0,4
554,Remote,39,3,2
555,Onsite,27,6,2
556,Remote,27,8,3
557,Onsite,33,5,4
558,Hybrid,44,8,1
559,Remote,45,0,3
560,Hybrid,46,6,4
561,Hybrid,40,0,5
562,Remote,25,10,4
563,Hybrid,29,4,1
564,Remote,22,13,4
565,Onsite,27,3,5
566,Hybrid,59,2,3
567,Remote,57,10,4
568,Hybrid,34,0,1
569,Hybrid,20,2,4
570,Onsite,20,5,1
571,Remote,57,14,2
572,Hybrid,53,2,2
573,Remote,24,8,5
574,Hybrid,40,15,2
575,Hybrid,49,11,4
576,Remote,44,14,5
577,Remote,53,13,3
578,Hybrid,53,7,3
579,Hybrid,54,9,1
580,Remote,23,10,5
581,Remote,45,12,4
582,Remote,59,5,3
583,Hybrid,26,11,1
584,Onsite,47,6,1
585,Onsite,37,3,1
586,Hybrid,25,10,3
587,Hybrid,38,11,3
588,Remote,23,0,4
589,Hybrid,49,13,4
590,Onsite,44,6,2
591,Hybrid,34,13,1
592,Hybrid,36,2,5
593,Hybrid,44,15,3
594,Hybrid,27,10,1
595,Remote,54,15,3
596,Hybrid,46,9,4
597,Remote,60,11,3
598,Hybrid,27,15,4
599,Onsite,45,7,2
600,Remote,36,13,4
601,Onsite,42,14,4
602,Onsite,27,1,4
603,Hybrid,28,5,3
604,Remote,56,15,1
605,Hybrid,22,11,5
606,Hybrid,23,5,1
607,Remote,53,2,2
608,Remote,38,6,1
609,Onsite,47,8,3
610,Remote,51,14,1
611,Hybrid,28,13,4
612,Onsite,49,14,4
613,Hybrid,56,1,4
614,Remote,38,1,3
615,Onsite,46,0,1
616,Hybrid,32,3,3
617,Onsite,52,1,2
618,Hybrid,48,13,3
619,Remote,38,0,4
620,Hybrid,25,2,1
621,Hybrid,27,10,2
622,Hybrid,28,3,5
623,Onsite,36,6,1
624,Onsite,53,3,4
625,Onsite,54,15,2
626,Hybrid,39,3,5
627,Onsite,47,8,5
628,Onsite,37,1,4
629,Remote,33,10,5
630,Onsite,27,13,3
631,Remote,39,6,5
632,Onsite,45,0,5
633,Remote,27,9,5
634,Hybrid,44,5,1
635,Remote,25,3,4
636,Hybrid,46,5,4
637,Remote,51,12,2
638,Remote,55,5,4
639,Onsite,54,14,3
640,Onsite,34,11,3
641,Hybrid,32,9,1
642,Remote,22,8,5
643,Onsite,36,2,3
644,Onsite,50,3,1
645,Hybrid,36,13,2
646,Remote,39,13,3
647,Hybrid,32,15,4
648,Hybrid,53,10,2
649,Remote,57,12,4
650,Remote,25,12,2
651,Onsite,25,6,1
652,Remote,25,7,2
653,Remote,52,3,2
654,Hybrid,44,15,2
655,Remote,27,7,5
656,Remote,37,15,3
657,Onsite,39,15,3
658,Hybrid,40,7,1
659,Hybrid,60,5,3
660,Onsite,53,15,4
661,Onsite,44,0,2
662,Remote,60,5,2
663,Onsite,27,14,4
664,Remote,39,1,2
665,Remote,31,1,1
666,Hybrid,25,0,2
667,Remote,54,10,5
668,Hybrid,56,6,3
669,Remote,43,1,1
670,Onsite,59,9,3
671,Onsite,44,4,1
672,Hybrid,24,13,2
673,Onsite,60,12,5
674,Hybrid,28,6,5
675,Onsite,42,15,3
676,Remote,26,9,3
677,Onsite,28,12,1
678,Onsite,45,4,4
679,Remote,37,2,3
680,Remote,31,12,2
681,Remote,22,10,4
682,Remote,48,0,1
683,Onsite,55,9,4
684,Onsite,60,15,1
685,Onsite,40,12,5
686,Hybrid,30,9,4
687,Hybrid,54,9,3
688,Remote,44,7,5
689,Remote,43,5,5
690,Onsite,35,7,5
691,Remote,27,0,3
692,Onsite,57,14,1
693,Onsite,35,9,3
694,Remote,26,6,1
695,Hybrid,38,8,4
696,Hybrid,54,14,1
697,Hybrid,37,13,5
698,Onsite,35,10,4
699,Hybrid,51,2,5
700,Remote,56,12,3
701,Remote,59,4,3
702,Remote,51,14,5
703,Onsite,45,6,2
704,Hybrid,23,3,2
705,Hybrid,34,9,4
706,Remote,34,9,3
707,Onsite,31,6,4
708,Hybrid,35,3,1
709,Remote,32,5,2
710,Hybrid,45,4,4
711,Remote,45,10,5
712,Hybrid,37,7,2
713,Remote,41,12,3
714,Hybrid,59,11,3
715,Remote,32,2,2
716,Hybrid,40,4,4
717,Onsite,39,14,2
718,Onsite,60,12,2
719,Remote,28,0,2
720,Hybrid,32,9,5
721,Onsite,56,11,4
722,Remote,23,0,1
723,Onsite,51,1,5
724,Remote,32,11,5
725,Remote,35,12,2
726,Remote,44,4,4
727,Remote,36,2,4
728,Remote,24,5,3
729,Onsite,24,9,5
730,Remote,32,5,4
731,Hybrid,21,3,1
732,Hybrid,20,4,1
733,Onsite,59,14,1
734,Hybrid,44,4,1
735,Remote,57,0,5
736,Onsite,56,7,4
737,Hybrid,51,0,3
738,Onsite,34,8,1
739,Remote,50,0,1
740,Remote,27,6,5
741,Onsite,60,12,1
742,Remote,45,9,2
743,Onsite,41,6,1
744,Onsite,25,5,3
745,Hybrid,40,1,3
746,Remote,58,10,2
747,Hybrid,36,7,5
748,Onsite,38,6,4
749,Hybrid,21,15,4
750,Hybrid,47,0,5
751,Onsite,21,1,5
752,Onsite,26,8,4
753,Hybrid,58,7,3
754,Remote,42,7,3
755,Hybrid,46,0,2
756,Remote,48,5,5
757,Onsite,38,0,4
758,Onsite,26,8,2
759,Hybrid,59,10,1
760,Remote,24,11,2
761,Hybrid,50,12,5
762,Remote,53,3,3
763,Hybrid,39,13,1
764,Onsite,42,10,4
765,Remote,50,1,1
766,Onsite,59,6,4
767,Onsite,20,8,3
768,Remote,32,10,4
769,Hybrid,45,7,4
770,Onsite,45,13,5
771,Onsite,39,7,5
772,Hybrid,32,11,4
773,Onsite,59,14,5
774,Remote,38,12,1
775,Remote,24,9,5
776,Onsite,38,7,1
777,Hybrid,36,2,3
778,Hybrid,56,5,3
779,Hybrid,35,7,5
780,Onsite,22,9,5
781,Remote,40,10,2
782,Hybrid,41,13,4
783,Remote,53,4,3
784,Hybrid,57,15,1
785,Remote,51,7,2
786,Onsite,20,15,3
787,Onsite,27,7,3
788,Onsite,29,15,3
789,Onsite,52,7,2
790,Onsite,45,3,5
791,Remote,58,7,3
792,Hybrid,23,3,5
793,Onsite,27,14,2
794,Hybrid,59,10,3
795,Onsite,40,12,2
796,Onsite,59,11,1
797,Remote,58,4,4
798,Hybrid,57,12,1
799,Onsite,22,1,5
800,Remote,25,10,5
801,Hybrid,57,14,5
802,Hybrid,55,14,2
803,Onsite,51,1,4
804,Onsite,32,9,1
805,Onsite,42,12,2
806,Remote,56,15,2
807,Onsite,40,7,3
808,Onsite,36,12,5
809,Hybrid,31,5,1
810,Onsite,42,1,5
811,Remote,34,7,1
812,Onsite,56,9,2
813,Remote,53,15,1
814,Onsite,25,15,4
815,Remote,31,15,1
816,Remote,58,9,4
817,Remote,56,5,1
818,Remote,48,1,2
819,Hybrid,60,2,4
820,Hybrid,26,8,4
821,Onsite,21,8,2
822,Onsite,20,8,4
823,Onsite,58,9,4
824,Hybrid,39,10,1
825,Onsite,43,11,1
826,Remote,43,13,4
827,Onsite,28,5,3
828,Hybrid,24,13,1
829,Hybrid,51,0,1
830,Remote,29,14,1
831,Onsite,55,4,4
832,Remote,40,3,1
833,Onsite,43,3,2
834,Hybrid,29,2,2
835,Hybrid,48,9,1
836,Hybrid,38,10,3
837,Hybrid,42,1,5
838,Remote,34,14,2
839,Hybrid,48,7,4
840,Remote,57,3,4
841,Onsite,59,8,1
842,Onsite,30,10,4
843,Onsite,29,9,5
844,Remote,21,10,5
845,Remote,23,14,1
846,Remote,53,1,2
847,Hybrid,30,6,2
848,Onsite,60,10,2
849,Onsite,50,5,5
850,Remote,31,14,4
851,Hybrid,49,0,5
852,Remote,35,4,5
853,Remote,26,14,1
854,Onsite,30,10,5
855,Remote,25,6,2
856,Remote,42,2,2
857,Remote,46,13,3
858,Onsite,41,9,3
859,Onsite,58,2,2
860,Remote,51,0,1
861,Onsite,22,14,1
862,Onsite,26,7,5
863,Hybrid,28,1,1
864,Remote,54,3,1
865,Remote,34,13,3
866,Hybrid,28,12,3
867,Onsite,37,12,5
868,Remote,50,8,2
869,Hybrid,21,5,1
870,Remote,32,0,5
871,Hybrid,56,10,1
872,Onsite,42,7,3
873,Hybrid,22,1,3
874,Remote,28,10,1
875,Hybrid,31,8,5
876,Hybrid,59,0,1
877,Hybrid,21,3,2
878,Remote,54,8,1
879,Hybrid,46,7,5
880,Remote,56,2,1
881,Hybrid,29,8,5
882,Remote,46,15,3
883,Onsite,27,7,4
884,Hybrid,42,6,4
885,Remote,39,10,1
886,Remote,34,8,2
887,Remote,58,15,3
888,Remote,36,3,3
889,Remote,52,15,5
890,Remote,51,5,2
891,Onsite,31,10,5
892,Hybrid,47,5,4
893,Onsite,55,9,5
894,Remote,53,3,5
895,Remote,40,13,3
896,Onsite,46,9,4
897,Onsite,37,0,1
898,Onsite,32,11,1
899,Hybrid,20,12,2
900,Onsite,55,10,3
901,Hybrid,48,2,5
902,Hybrid,42,5,5
903,Remote,33,12,2
904,Remote,45,12,5
905,Remote,43,14,2
906,Remote,59,3,2
907,Onsite,26,12,2
908,Hybrid,47,7,3
909,Remote,27,1,1
910,Hybrid,50,2,1
911,Remote,29,4,3
912,Hybrid,53,6,1
913,Hybrid,22,13,4
914,Onsite,42,2,2
915,Remote,20,13,2
916,Hybrid,20,11,2
917,Hybrid,32,5,3
918,Remote,44,7,2
919,Onsite,38,1,4
920,Hybrid,44,2,3
921,Remote,43,10,1
922,Hybrid,45,3,3
923,Hybrid,24,5,5
924,Hybrid,37,7,1
925,Remote,48,5,3
926,Onsite,29,11,3
927,Remote,60,2,3
928,Remote,22,3,5
929,Onsite,49,2,5
930,Remote,38,7,2
931,Hybrid,26,1,3
932,Remote,50,13,3
933,Onsite,26,10,4
934,Hybrid,26,5,1
935,Onsite,30,9,3
936,Onsite,50,7,2
937,Hybrid,60,10,3
938,Onsite,49,6,5
939,Remote,48,9,5
940,Remote,39,4,1
941,Hybrid,52,15,3
942,Remote,23,5,4
943,Hybrid,51,8,5
944,Onsite,22,15,1
945,Remote,50,1,3
946,Remote,21,13,3
947,Remote,28,14,2
948,Onsite,21,14,5
949,Remote,41,2,1
950,Onsite,25,4,4
951,Onsite,35,5,4
952,Hybrid,49,9,2
953,Hybrid,37,7,4
954,Remote,43,8,2
955,Onsite,35,6,5
956,Remote,35,8,2
957,Hybrid,35,2,4
958,Remote,54,0,3
959,Onsite,41,14,5
960,Remote,60,4,3
961,Remote,40,10,4
962,Hybrid,47,4,5
963,Onsite,58,15,5
964,Hybrid,23,7,5
965,Hybrid,25,14,3
966,Onsite,40,5,1
967,Remote,26,12,3
968,Onsite,48,13,3
969,Hybrid,50,6,3
970,Hybrid,48,8,1
971,Hybrid,34,8,3
972,Remote,57,9,4
973,Onsite,52,12,4
974,Remote,22,8,4
975,Onsite,20,11,4
976,Hybrid,44,1,4
977,Remote,25,5,4
978,Remote,46,12,4
979,Onsite,32,6,5
980,Hybrid,45,7,3
981,Remote,30,5,3
982,Onsite,30,13,3
983,Hybrid,59,15,2
984,Hybrid,23,10,4
985,Remote,48,7,1
986,Remote,37,7,5
987,Onsite,27,11,3
988,Hybrid,39,15,1
989,Onsite,31,2,3
990,Hybrid,52,1,3
991,Remote,55,1,3
992,Remote,29,11,1
993,Onsite,23,15,3
994,Hybrid,46,10,3
995,Remote,47,2,5
996,Onsite,51,2,2
997,Onsite,46,5,2
998,Remote,41,12,4
999,Hybrid,29,6,2
1000,Remote,31,1,3
1001,Remote,25,4,1
1002,Remote,60,13,5
1003,Remote,34,14,1
1004,Onsite,35,13,4
1005,Onsite,20,8,2
1006,Onsite,26,7,2
1007,Hybrid,45,11,1
1008,Onsite,60,2,4
1009,Remote,41,0,5
1010,Onsite,42,2,1
1011,Hybrid,41,0,2
1012,Onsite,23,2,3
1013,Onsite,34,13,2
1014,Remote,53,6,1
1015,Hybrid,33,2,5
1016,Remote,50,6,2
1017,Hybrid,41,15,2
1018,Remote,48,2,2
1019,Hybrid,58,6,3
1020,Onsite,33,5,2
1021,Onsite,49,15,2
1022,Hybrid,60,15,5
1023,Onsite,60,8,4
1024,Hybrid,48,5,5
1025,Remote,50,4,5
1026,Remote,33,1,4
1027,Onsite,45,15,4
1028,Hybrid,56,5,1
1029,Remote,31,0,2
1030,Onsite,43,12,1
1031,Remote,40,9,5
1032,Onsite,34,13,5
1033,Remote,40,4,4
1034,Remote,33,2,1
1035,Onsite,20,13,4
1036,Remote,34,4,3
1037,Onsite,25,14,3
1038,Remote,35,11,5
1039,Hybrid,45,6,5
1040,Onsite,28,15,4
1041,Hybrid,58,12,3
1042,Onsite,23,13,3
1043,Remote,57,15,3
1044,Remote,28,14,5
1045,Hybrid,50,1,5
1046,Hybrid,46,5,5
1047,Hybrid,60,7,4
1048,Hybrid,25,3,5
1049,Remote,45,13,5
1050,Remote,50,2,4
1051,Onsite,25,3,4
1052,Hybrid,49,15,5
1053,Hybrid,23,4,4
1054,Onsite,26,11,2
1055,Remote,46,1,2
1056,Remote,42,5,4
1057,Remote,46,15,5
1058,Onsite,29,10,2
1059,Onsite,43,5,4
1060,Onsite,33,7,2
1061,Remote,24,14,1
1062,Remote,30,8,5
1063,Onsite,29,1,3
1064,Hybrid,23,2,2
1065,Onsite,43,9,1
1066,Hybrid,28,4,1
1067,Hybrid,22,11,3
1068,Onsite,58,10,5
1069,Hybrid,39,10,5
1070,Onsite,49,8,5
1071,Onsite,39,10,1
1072,Hybrid,39,7,1
1073,Hybrid,36,1,4
1074,Remote,53,8,5
1075,Remote,26,7,3
1076,Onsite,24,15,4
1077,Hybrid,47,12,3
1078,Onsite,43,14,2
1079,Onsite,52,0,1
1080,Hybrid,35,10,5
1081,Remote,36,11,1
1082,Remote,25,9,3
1083,Hybrid,54,11,3
1084,Onsite,52,6,5
1085,Remote,23,13,1
1086,Onsite,57,15,1
1087,Hybrid,50,10,4
1088,Hybrid,59,8,1
1089,Remote,30,8,2
1090,Hybrid,20,4,4
1091,Remote,51,1,3
1092,Hybrid,58,12,5
1093,Onsite,36,14,5
1094,Hybrid,33,4,2
1095,Onsite,58,12,2
1096,Remote,27,7,4
1097,Remote,45,12,2
1098,Hybrid,58,5,4
1099,Onsite,37,7,4
1100,Remote,59,1,5
1101,Remote,31,1,4
1102,Onsite,44,2,2
1103,Onsite,42,7,5
1104,Onsite,27,1,1
1105,Hybrid,39,7,2
1106,Remote,45,5,2
1107,Onsite,59,7,2
1108,Remote,42,15,4
1109,Hybrid,55,5,3
1110,Onsite,41,15,5
1111,Onsite,37,9,3
1112,Remote,30,6,2
1113,Hybrid,36,7,3
1114,Remote,41,8,1
1115,Remote,29,5,1
1116,Hybrid,31,11,3
1117,Remote,39,7,4
1118,Onsite,33,7,3
1119,Onsite,45,11,2
1120,Onsite,39,1,5
1121,Remote,40,14,1
1122,Hybrid,49,0,4
1123,Onsite,34,13,3
1124,Remote,55,0,2
1125,Remote,44,2,4
1126,Onsite,54,8,2
1127,Remote,29,9,5
1128,Hybrid,59,0,5
1129,Hybrid,35,8,5
1130,Hybrid,29,5,1
1131,Onsite,43,15,3
1132,Onsite,49,13,3
1133,Onsite,52,11,2
1134,Hybrid,54,15,4
1135,Remote,31,9,4
1136,Remote,45,10,3
1137,Remote,52,4,4
1138,Hybrid,41,7,1
1139,Hybrid,54,14,4
1140,Remote,38,8,2
1141,Hybrid,23,5,4
1142,Hybrid,27,2,4
1143,Onsite,45,1,4
1144,Hybrid,29,9,5
1145,Hybrid,31,3,2
1146,Onsite,28,3,2
1147,Hybrid,32,2,5
1148,Hybrid,56,0,4
1149,Remote,46,1,1
1150,Hybrid,29,0,3
1151,Remote,35,6,1
1152,Onsite,50,12,2
1153,Remote,58,14,1
1154,Onsite,45,6,5
1155,Onsite,54,9,3
1156,Hybrid,54,15,2
1157,Onsite,60,2,5
1158,Onsite,21,7,3
1159,Onsite,60,15,4
1160,Onsite,50,11,5
1161,Remote,41,0,2
1162,Hybrid,41,5,2
1163,Remote,32,7,1
1164,Remote,48,12,5
1165,Hybrid,22,7,4
1166,Hybrid,22,12,5
1167,Remote,60,8,2
1168,Hybrid,38,9,5
1169,Remote,34,9,2
1170,Onsite,23,14,3
1171,Onsite,52,3,1
1172,Hybrid,24,14,5
1173,Onsite,38,10,1
1174,Hybrid,46,2,3
1175,Hybrid,44,3,4
1176,Remote,31,7,4
1177,Onsite,32,3,4
1178,Remote,31,2,5
1179,Hybrid,20,10,2
1180,Hybrid,42,5,4
1181,Hybrid,36,4,3
1182,Hybrid,46,13,2
1183,Remote,40,13,4
1184,Hybrid,57,12,3
1185,Hybrid,22,10,1
1186,Hybrid,45,8,2
1187,Remote,41,11,4
1188,Remote,49,11,2
1189,Onsite,32,15,5
1190,Onsite,25,9,3
1191,Remote,49,12,5
1192,Hybrid,59,4,2
1193,Onsite,39,8,5
1194,Remote,55,10,3
1195,Remote,28,9,5
1196,Remote,39,0,5
1197,Remote,43,6,2
1198,Hybrid,57,6,5
1199,Onsite,32,1,4
1200,Remote,25,15,2
1201,Onsite,59,15,2
1202,Onsite,22,6,2
1203,Remote,46,8,5
1204,Remote,43,0,2
1205,Hybrid,48,6,4
1206,Remote,49,15,1
1207,Hybrid,38,11,2
1208,Hybrid,32,10,4
1209,Hybrid,47,7,2
1210,Onsite,39,3,2
1211,Hybrid,47,9,2
1212,Remote,53,6,3
1213,Hybrid,49,2,1
1214,Onsite,47,9,2
1215,Hybrid,25,13,4
1216,Hybrid,55,7,3
1217,Onsite,35,4,5
1218,Onsite,57,2,5
1219,Hybrid,58,13,3
1220,Remote,44,12,5
1221,Hybrid,25,6,5
1222,Onsite,44,11,2
1223,Onsite,25,1,2
1224,Onsite,48,0,1
1225,Hybrid,34,4,3
1226,Remote,37,14,3
1227,Onsite,22,3,4
1228,Onsite,52,3,3
1229,Remote,28,3,5
1230,Onsite,43,3,5
1231,Onsite,41,8,2
1232,Onsite,48,3,2
1233,Hybrid,30,9,2
1234,Onsite,29,1,1
1235,Remote,31,0,3
1236,Remote,43,4,4
1237,Onsite,56,2,4
1238,Remote,53,7,3
1239,Remote,36,3,2
1240,Hybrid,40,9,2
1241,Hybrid,60,8,4
1242,Hybrid,44,2,4
1243,Remote,33,15,4
1244,Hybrid,50,7,2
1245,Remote,38,10,1
1246,Remote,59,6,4
1247,Onsite,54,0,4
1248,Remote,34,8,3
1249,Remote,37,3,5
1250,Remote,24,5,4
1251,Remote,60,0,2
1252,Onsite,34,5,1
1253,Onsite,25,0,1
1254,Remote,41,13,3
1255,Remote,54,15,2
1256,Onsite,39,2,3
1257,Onsite,52,15,4
1258,Remote,54,5,2
1259,Onsite,22,15,3
1260,Hybrid,43,11,5
1261,Hybrid,35,14,1
1262,Onsite,26,0,3
1263,Onsite,32,13,4
1264,Remote,53,9,2
1265,Remote,32,15,5
1266,Hybrid,35,1,5
1267,Hybrid,44,6,3
1268,Onsite,24,5,4
1269,Remote,47,14,1
1270,Hybrid,32,1,1
1271,Remote,32,0,4
1272,Remote,39,4,3
1273,Remote,49,11,3
1274,Remote,59,7,1
1275,Hybrid,23,13,1
1276,Hybrid,49,4,1
1277,Remote,39,11,3
1278,Remote,26,13,5
1279,Hybrid,50,7,1
1280,Hybrid,46,4,1
1281,Onsite,46,6,4
1282,Hybrid,22,7,2
1283,Hybrid,56,13,5
1284,Onsite,54,15,4
1285,Hybrid,51,5,3
1286,Remote,45,4,5
1287,Remote,42,4,5
1288,Hybrid,55,9,4
1289,Onsite,21,5,3
1290,Onsite,49,13,2
1291,Remote,47,7,2
1292,Remote,20,5,4
1293,Remote,20,5,3
1294,Onsite,23,10,4
1295,Hybrid,43,9,2
1296,Remote,39,0,4
1297,Onsite,45,11,4
1298,Remote,20,15,2
1299,Onsite,58,10,3
1300,Onsite,45,0,2
1301,Onsite,32,5,1
1302,Hybrid,45,15,2
1303,Hybrid,35,11,5
1304,Remote,22,15,5
1305,Hybrid,21,12,2
1306,Onsite,23,1,3
1307,Onsite,27,8,5
1308,Hybrid,45,3,5
1309,Remote,28,1,1
1310,Hybrid,43,13,1
1311,Remote,28,12,1
1312,Hybrid,37,0,3
1313,Remote,21,13,4
1314,Remote,38,1,1
1315,Onsite,28,5,4
1316,Onsite,25,4,3
1317,Remote,49,15,3
1318,Remote,60,0,4
1319,Onsite,28,3,4
1320,Remote,41,5,2
1321,Onsite,51,13,1
1322,Remote,52,9,5
1323,Remote,31,10,1
1324,Remote,51,3,4
1325,Onsite,36,9,3
1326,Onsite,59,10,1
1327,Remote,43,7,3
1328,Hybrid,54,13,1
1329,Hybrid,43,7,4
1330,Remote,22,2,4
1331,Remote,34,8,5
1332,Remote,27,3,1
1333,Remote,45,1,3
1334,Remote,42,7,4
1335,Onsite,40,7,5
1336,Onsite,46,6,3
1337,Hybrid,37,6,2
1338,Onsite,36,9,2
1339,Hybrid,35,6,3
1340,Hybrid,24,4,1
1341,Remote,22,1,4
1342,Hybrid,37,8,5
1343,Hybrid,28,13,1
1344,Remote,56,7,5
1345,Hybrid,36,9,1
1346,Hybrid,35,1,1
1347,Hybrid,41,10,5
1348,Hybrid,37,10,5
1349,Onsite,27,12,1
1350,Hybrid,51,11,2
1351,Onsite,46,7,1
1352,Onsite,50,7,5
1353,Remote,26,2,3
1354,Hybrid,38,14,4
1355,Remote,26,15,2
1356,Remote,41,5,1
1357,Hybrid,25,9,2
1358,Remote,56,10,3
1359,Remote,43,8,3
1360,Remote,39,5,5
1361,Remote,39,12,1
1362,Remote,27,6,2
1363,Hybrid,29,14,3
1364,Remote,41,4,5
1365,Onsite,41,13,2
1366,Onsite,44,14,4
1367,Remote,57,14,5
1368,Remote,43,2,3
1369,Hybrid,43,11,1
1370,Onsite,20,4,3
1371,Hybrid,55,11,3
1372,Hybrid,37,15,4
1373,Remote,59,5,1
1374,Remote,43,11,2
1375,Onsite,51,3,5
1376,Onsite,39,12,1
1377,Onsite,56,5,1
1378,Hybrid,53,6,3
1379,Hybrid,33,10,1
1380,Remote,47,6,3
1381,Hybrid,42,2,5
1382,Remote,32,15,4
1383,Onsite,58,4,3
1384,Onsite,46,5,1
1385,Onsite,29,7,1
1386,Remote,39,6,4
1387,Onsite,30,0,5
1388,Remote,37,8,3
1389,Onsite,32,13,5
1390,Onsite,49,12,3
1391,Onsite,24,7,2
1392,Hybrid,20,9,2
1393,Onsite,41,4,5
1394,Hybrid,27,0,5
1395,Onsite,43,12,5
1396,Remote,20,8,2
1397,Hybrid,56,15,3
1398,Onsite,55,12,3
1399,Remote,59,15,4
1400,Hybrid,33,6,3
1401,Onsite,42,13,2
1402,Remote,22,4,2
1403,Onsite,42,11,1
1404,Remote,31,14,2
1405,Remote,20,5,1
1406,Onsite,28,1,4
1407,Onsite,35,13,1
1408,Onsite,58,7,4
1409,Remote,44,14,1
1410,Onsite,50,4,4
1411,Remote,60,1,3
1412,Hybrid,53,5,3
1413,Remote,36,7,2
1414,Hybrid,24,0,3
1415,Remote,25,0,3
1416,Remote,47,8,2
1417,Remote,50,10,1
1418,Hybrid,40,11,5
1419,Onsite,39,11,4
1420,Hybrid,44,9,4
1421,Remote,33,3,5
1422,Hybrid,25,8,3
1423,Onsite,33,8,4
1424,Remote,36,1,1
1425,Remote,35,9,5
1426,Remote,24,12,2
1427,Hybrid,50,7,5
1428,Hybrid,30,11,5
1429,Onsite,38,3,4
1430,Onsite,40,5,5
1431,Remote,40,9,1
1432,Remote,29,2,2
1433,Onsite,42,11,4
1434,Hybrid,50,3,2
1435,Onsite,44,9,5
1436,Hybrid,27,6,2
1437,Remote,59,15,3
1438,Onsite,36,4,1
1439,Hybrid,23,11,3
1440,Hybrid,30,9,5
1441,Onsite,24,0,4
1442,Remote,37,6,4
1443,Onsite,41,15,2
1444,Remote,42,9,5
1445,Remote,34,9,5
1446,Hybrid,54,8,5
1447,Hybrid,29,8,3
1448,Hybrid,58,14,2
1449,Onsite,57,6,1
1450,Remote,39,3,4
1451,Hybrid,50,5,3
1452,Hybrid,36,8,3
1453,Remote,26,12,5
1454,Onsite,55,14,4
1455,Onsite,23,8,3
1456,Hybrid,44,13,5
1457,Remote,36,9,2
1458,Remote,24,2,5
1459,Remote,40,6,5
1460,Hybrid,30,0,3
1461,Remote,51,9,5
1462,Hybrid,37,10,4
1463,Remote,54,11,5
1464,Onsite,27,4,4
1465,Onsite,35,13,3
1466,Hybrid,58,15,5
1467,Onsite,22,0,3
1468,Hybrid,59,9,3
1469,Hybrid,22,8,3
1470,Onsite,43,12,2
1471,Onsite,57,0,5
1472,Hybrid,56,1,5
1473,Remote,45,4,3
1474,Remote,40,6,3
1475,Remote,56,11,4
1476,Onsite,45,7,3
1477,Hybrid,35,12,1
1478,Onsite,47,9,4
1479,Onsite,59,7,4
1480,Hybrid,27,0,3
1481,Remote,22,2,5
1482,Remote,23,13,4
1483,Remote,60,5,3
1484,Remote,40,14,2
1485,Hybrid,41,5,1
1486,Onsite,26,13,5
1487,Hybrid,26,2,3
1488,Hybrid,29,12,5
1489,Onsite,28,4,4
1490,Remote,52,12,4
1491,Remote,51,0,3
1492,Hybrid,24,2,4
1493,Onsite,41,6,4
1494,Onsite,37,11,3
1495,Onsite,53,1,5
1496,Onsite,29,6,2
1497,Hybrid,49,9,5
1498,Remote,21,1,5
1499,Onsite,20,2,2
1500,Onsite,25,2,2
1501,Hybrid,24,2,3
1502,Remote,51,2,4
1503,Hybrid,34,3,3
1504,Onsite,46,9,3
1505,Remote,32,4,3
1506,Hybrid,25,12,2
1507,Remote,51,10,1
1508,Hybrid,41,11,5
1509,Onsite,54,8,5
1510,Remote,53,5,1
1511,Hybrid,60,15,4
1512,Remote,47,13,3
1513,Hybrid,55,9,2
1514,Remote,37,3,3
1515,Onsite,40,3,3
1516,Onsite,21,6,1
1517,Onsite,38,8,3
1518,Remote,20,0,2
1519,Onsite,44,6,4
1520,Hybrid,24,9,5
1521,Remote,48,14,2
1522,Hybrid,60,6,5
1523,Hybrid,26,3,3
1524,Hybrid,24,13,3
1525,Hybrid,41,14,3
1526,Onsite,27,6,5
1527,Onsite,38,4,1
1528,Remote,20,9,2
1529,Onsite,22,4,2
1530,Hybrid,22,1,1
1531,Remote,24,11,4
1532,Hybrid,50,2,2
1533,Hybrid,25,2,5
1534,Onsite,35,7,2
1535,Remote,40,8,2
1536,Onsite,50,10,1
1537,Onsite,51,15,3
1538,Hybrid,52,2,4
1539,Onsite,23,15,4
1540,Hybrid,44,15,5
1541,Onsite,44,7,4
1542,Onsite,56,11,1
1543,Hybrid,21,3,3
1544,Hybrid,29,4,4
1545,Onsite,23,9,1
1546,Remote,34,4,4
1547,Onsite,55,7,2
1548,Onsite,51,12,1
1549,Remote,53,7,4
1550,Hybrid,44,0,1
1551,Hybrid,33,5,5
1552,Remote,34,4,2
1553,Onsite,38,15,1
1554,Onsite,29,5,2
1555,Remote,38,13,2
1556,Onsite,41,0,5
1557,Remote,33,4,1
1558,Onsite,44,11,3
1559,Remote,38,1,5
1560,Onsite,43,1,5
1561,Remote,41,15,3
1562,Remote,47,15,4
1563,Hybrid,36,15,4
1564,Remote,41,8,5
1565,Hybrid,32,4,5
1566,Remote,23,14,4
1567,Onsite,50,6,3
1568,Remote,30,13,4
1569,Hybrid,25,0,4
1570,Onsite,59,4,3
1571,Hybrid,45,5,4
1572,Onsite,36,0,2
1573,Onsite,36,3,1
1574,Remote,49,3,1
1575,Remote,32,14,3
1576,Onsite,39,6,2
1577,Hybrid,35,3,5
1578,Remote,42,8,1
1579,Hybrid,21,13,4
1580,Hybrid,38,12,4
1581,Remote,42,7,1
1582,Hybrid,53,1,3
1583,Remote,56,13,2
1584,Remote,34,13,1
1585,Hybrid,24,12,5
1586,Hybrid,54,3,1
1587,Onsite,35,10,2
1588,Onsite,44,7,5
1589,Hybrid,31,10,4
1590,Remote,54,14,1
1591,Onsite,25,8,5
1592,Remote,54,0,2
1593,Remote,33,9,5
1594,Onsite,42,6,4
1595,Onsite,46,10,2
1596,Onsite,29,0,2
1597,Hybrid,59,7,4
1598,Hybrid,28,2,2
1599,Hybrid,56,7,1
1600,Remote,45,1,5
1601,Hybrid,23,3,3
1602,Onsite,30,6,5
1603,Remote,30,12,3
1604,Onsite,49,10,2
1605,Onsite,25,15,1
1606,Onsite,41,10,4
1607,Hybrid,30,8,5
1608,Hybrid,53,3,2
1609,Remote,60,6,5
1610,Hybrid,22,7,1
1611,Onsite,60,9,3
1612,Remote,36,15,1
1613,Hybrid,27,8,3
1614,Onsite,59,5,3
1615,Hybrid,41,12,5
1616,Hybrid,26,0,4
1617,Hybrid,55,7,1
1618,Hybrid,40,0,4
1619,Remote,39,11,1
1620,Hybrid,28,14,3
1621,Onsite,30,1,4
1622,Onsite,23,10,2
1623,Remote,48,6,1
1624,Remote,28,11,5
1625,Onsite,38,13,3
1626,Hybrid,42,2,1
1627,Onsite,28,5,1
1628,Remote,25,2,3
1629,Onsite,32,15,2
1630,Onsite,47,4,2
1631,Remote,42,8,5
1632,Hybrid,27,14,5
1633,Onsite,25,7,5
1634,Hybrid,41,9,1
1635,Hybrid,33,12,1
1636,Remote,34,3,1
1637,Remote,53,14,5
1638,Hybrid,36,13,1
1639,Hybrid,31,10,3
1640,Remote,34,12,4
1641,Remote,20,4,5
1642,Onsite,54,15,1
1643,Hybrid,25,1,1
1644,Onsite,23,5,1
1645,Remote,48,11,5
1646,Remote,26,7,4
1647,Hybrid,54,8,2
1648,Hybrid,55,15,1
1649,Hybrid,54,6,3
1650,Hybrid,55,13,3
1651,Onsite,38,14,2
1652,Onsite,50,11,1
1653,Hybrid,41,0,5
1654,Hybrid,27,15,3
1655,Onsite,59,8,3
1656,Hybrid,54,3,4
1657,Hybrid,36,5,2
1658,Onsite,24,13,4
1659,Onsite,29,5,1
1660,Remote,46,1,3
1661,Hybrid,45,2,5
1662,Hybrid,39,9,4
1663,Remote,43,1,4
1664,Remote,35,10,1
1665,Onsite,27,4,3
1666,Hybrid,33,2,3
1667,Remote,34,14,5
1668,Remote,23,15,5
1669,Onsite,52,15,3
1670,Hybrid,27,14,4
1671,Remote,28,9,3
1672,Hybrid,21,3,5
1673,Remote,59,3,3
1674,Remote,24,2,2
1675,Hybrid,41,9,4
1676,Hybrid,22,3,5
1677,Onsite,34,3,5
1678,Remote,52,2,5
1679,Hybrid,51,12,2
1680,Hybrid,47,14,4
1681,Onsite,36,0,3
1682,Remote,27,4,4
1683,Remote,42,5,1
1684,Onsite,57,5,2
1685,Onsite,22,2,4
1686,Remote,30,3,5
1687,Hybrid,47,6,3
1688,Remote,37,13,4
1689,Onsite,45,5,1
1690,Remote,35,13,4
1691,Remote,43,3,3
1692,Remote,57,14,3
1693,Onsite,28,12,3
1694,Remote,23,11,3
1695,Hybrid,22,14,2
1696,Remote,42,2,4
1697,Hybrid,58,0,2
1698,Hybrid,42,5,3
1699,Hybrid,29,15,1
1700,Remote,41,1,2
1701,Remote,29,12,3
1702,Onsite,46,8,2
1703,Onsite,37,13,3
1704,Onsite,34,5,3
1705,Hybrid,55,0,5
1706,Remote,48,14,3
1707,Remote,51,11,4
1708,Remote,59,14,3
1709,Remote,23,6,5
1710,Hybrid,56,7,3
1711,Hybrid,60,8,2
1712,Onsite,42,15,5
1713,Onsite,45,13,4
1714,Hybrid,47,7,5
1715,Hybrid,60,3,1
1716,Onsite,55,13,5
1717,Onsite,29,6,4
1718,Remote,45,11,3
1719,Onsite,23,4,4
1720,Hybrid,26,13,4
1721,Remote,25,11,2
1722,Hybrid,30,5,1
1723,Hybrid,46,4,5
1724,Hybrid,43,11,3
1725,Hybrid,42,4,1
1726,Remote,49,12,4
1727,Hybrid,49,5,1
1728,Remote,21,0,4
1729,Hybrid,33,10,4
1730,Hybrid,30,2,5
1731,Remote,20,9,3
1732,Remote,38,8,4
1733,Remote,54,1,3
1734,Remote,29,3,2
1735,Onsite,24,7,1
1736,Remote,59,14,1
1737,Remote,57,15,2
1738,Hybrid,55,6,2
1739,Onsite,33,10,2
1740,Onsite,37,15,2
1741,Hybrid,58,14,1
1742,Onsite,35,12,1
1743,Remote,23,15,4
1744,Hybrid,47,0,3
1745,Hybrid,38,1,3
1746,Hybrid,39,1,1
1747,Remote,22,5,1
1748,Onsite,23,4,5
1749,Hybrid,47,12,1
1750,Remote,33,9,4
1751,Hybrid,48,15,1
1752,Remote,57,12,3
1753,Hybrid,22,4,4
1754,Hybrid,23,7,2
1755,Onsite,31,8,1
1756,Onsite,48,11,3
1757,Remote,32,9,3
1758,Onsite,56,10,1
1759,Remote,28,13,5
1760,Hybrid,57,15,2
1761,Remote,26,4,3
1762,Remote,50,7,3
1763,Onsite,53,6,3
1764,Hybrid,45,8,5
1765,Remote,34,11,3
1766,Hybrid,35,12,5
1767,Hybrid,30,0,4
1768,Hybrid,57,3,4
1769,Hybrid,23,14,1
1770,Hybrid,28,6,2
1771,Onsite,21,11,3
1772,Hybrid,46,15,1
1773,Hybrid,20,15,1
1774,Remote,48,11,4
1775,Onsite,22,11,2
1776,Onsite,43,7,5
1777,Onsite,25,12,3
1778,Hybrid,50,5,4
1779,Hybrid,43,4,2
1780,Hybrid,56,12,1
1781,Remote,41,6,2
1782,Remote,29,4,5
1783,Onsite,22,7,1
1784,Remote,25,5,5
1785,Remote,28,5,5
1786,Onsite,55,1,2
1787,Hybrid,34,6,4
1788,Remote,30,13,5
1789,Onsite,57,9,3
1790,Hybrid,23,15,4
1791,Remote,47,6,4
1792,Onsite,57,13,3
1793,Onsite,60,2,1
1794,Hybrid,59,14,2
1795,Onsite,40,6,4
1796,Hybrid,24,5,4
1797,Hybrid,38,0,5
1798,Hybrid,25,5,3
1799,Onsite,32,12,4
1800,Onsite,28,14,2
1801,Onsite,36,12,1
1802,Onsite,42,11,3
1803,Remote,20,8,4
1804,Hybrid,40,10,1
1805,Remote,32,6,3
1806,Hybrid,55,10,1
1807,Hybrid,28,1,5
1808,Onsite,49,12,1
1809,Remote,43,0,1
1810,Remote,30,3,2
1811,Remote,33,13,4
1812,Hybrid,43,13,5
1813,Remote,33,10,4
1814,Remote,22,9,5
1815,Remote,48,5,2
1816,Onsite,30,4,3
1817,Remote,46,2,2
1818,Remote,24,4,1
1819,Remote,53,5,5
1820,Onsite,56,1,1
1821,Remote,55,3,2
1822,Remote,45,4,4
1823,Onsite,33,9,5
1824,Remote,49,13,2
1825,Hybrid,58,3,2
1826,Onsite,37,7,1
1827,Onsite,28,6,3
1828,Onsite,32,7,2
1829,Hybrid,33,12,2
1830,Onsite,52,7,3
1831,Remote,42,13,2
1832,Onsite,35,11,2
1833,Onsite,46,1,4
1834,Onsite,50,0,5
1835,Onsite,21,11,4
1836,Remote,54,7,5
1837,Hybrid,25,3,3
1838,Remote,38,3,1
1839,Remote,58,3,5
1840,Onsite,27,12,3
1841,Onsite,49,9,4
1842,Onsite,36,4,3
1843,Onsite,60,8,5
1844,Remote,39,10,3
1845,Hybrid,54,6,1
1846,Onsite,38,11,5
1847,Remote,56,10,4
1848,Remote,39,9,3
1849,Remote,25,12,1
1850,Hybrid,32,7,1
1851,Remote,22,11,3
1852,Hybrid,31,0,4
1853,Hybrid,41,12,3
1854,Hybrid,24,14,1
1855,Onsite,52,10,4
1856,Remote,56,2,5
1857,Onsite,38,4,5
1858,Remote,21,0,5
1859,Onsite,25,8,3
1860,Remote,59,12,3
1861,Remote,50,1,5
1862,Onsite,38,9,2
1863,Remote,59,13,1
1864,Onsite,57,9,1
1865,Hybrid,40,8,4
1866,Hybrid,36,14,4
1867,Remote,45,6,3
1868,Onsite,32,2,3
1869,Hybrid,27,13,1
1870,Onsite,39,14,4
1871,Hybrid,29,2,4
1872,Onsite,31,12,5
1873,Onsite,25,0,5
1874,Hybrid,54,1,1
1875,Onsite,47,4,3
1876,Hybrid,31,13,3
1877,Onsite,31,14,4
1878,Remote,48,9,3
1879,Hybrid,51,9,4
1880,Onsite,32,9,5
1881,Hybrid,53,0,5
1882,Hybrid,35,1,2
1883,Hybrid,50,3,3
1884,Hybrid,55,0,3
1885,Remote,58,6,1
1886,Remote,27,10,5
1887,Remote,29,11,5
1888,Remote,24,4,4
1889,Onsite,27,15,5
1890,Onsite,35,2,3
1891,Remote,38,10,4
1892,Onsite,50,13,3
1893,Onsite,21,4,2
1894,Onsite,28,8,4
1895,Remote,57,11,1
1896,Onsite,30,13,2
1897,Onsite,43,11,2
1898,Hybrid,51,6,2
1899,Remote,48,15,3
1900,Remote,38,6,2
1901,Remote,55,11,3
1902,Remote,37,4,1
1903,Onsite,44,14,1
1904,Remote,49,3,5
1905,Remote,25,4,3
1906,Hybrid,28,5,5
1907,Onsite,27,6,4
1908,Remote,55,11,4
1909,Hybrid,37,2,3
1910,Remote,41,6,4
1911,Hybrid,36,11,3
1912,Hybrid,21,11,1
1913,Hybrid,27,6,1
1914,Onsite,46,9,2
1915,Remote,22,12,3
1916,Hybrid,43,8,4
1917,Hybrid,35,7,3
1918,Onsite,44,8,3
1919,Hybrid,40,1,1
1920,Hybrid,25,5,4
1921,Remote,49,7,3
1922,Onsite,58,8,5
1923,Onsite,58,0,4
1924,Onsite,48,1,2
1925,Onsite,38,2,3
1926,Remote,35,12,4
1927,Remote,54,2,4
1928,Remote,26,15,4
1929,Onsite,44,15,5
1930,Remote,51,12,4
1931,Remote,46,1,5
1932,Hybrid,42,9,2
1933,Remote,32,6,5
1934,Remote,49,5,5
1935,Remote,50,0,4
1936,Onsite,59,10,3
1937,Remote,29,7,3
1938,Onsite,24,9,4
1939,Onsite,59,3,4
1940,Remote,20,4,3
1941,Remote,41,4,4
1942,Onsite,41,7,2
1943,Onsite,36,11,5
1944,Onsite,58,0,2
1945,Onsite,38,11,1
1946,Hybrid,32,15,3
1947,Hybrid,46,1,2
1948,Remote,51,10,3
1949,Remote,21,11,1
1950,Hybrid,57,0,5
1951,Hybrid,27,11,3
1952,Hybrid,28,7,1
1953,Remote,29,7,4
1954,Remote,31,14,5
1955,Hybrid,43,9,1
1956,Onsite,51,2,4
1957,Hybrid,26,7,3
1958,Onsite,22,11,4
1959,Hybrid,52,6,2
1960,Remote,20,7,3
1961,Onsite,21,6,3
1962,Onsite,55,8,5
1963,Hybrid,60,10,4
1964,Hybrid,45,14,1
1965,Remote,31,3,3
1966,Remote,53,5,2
1967,Onsite,53,3,3
1968,Hybrid,52,4,3
1969,Remote,46,13,1
1970,Onsite,56,7,3
1971,Remote,44,12,3
1972,Onsite,26,8,5
1973,Hybrid,40,9,1
1974,Remote,42,10,2
1975,Remote,25,7,5
1976,Hybrid,47,2,2
1977,Onsite,32,8,5
1978,Onsite,46,11,5
1979,Onsite,54,15,3
1980,Onsite,20,10,3
1981,Remote,55,6,4
1982,Remote,22,1,2
1983,Remote,37,4,3
1984,Onsite,46,15,2
1985,Hybrid,51,11,4
1986,Hybrid,41,3,1
1987,Onsite,24,3,4
1988,Hybrid,48,5,1
1989,Hybrid,24,8,4
1990,Onsite,44,2,3
1991,Hybrid,37,9,4
1992,Hybrid,52,7,5
1993,Remote,56,5,4
1994,Hybrid,45,10,3
1995,Remote,46,8,4
1996,Hybrid,52,7,3
1997,Hybrid,28,12,2
1998,Onsite,39,15,2
1999,Remote,44,13,4
2000,Remote,49,0,1
2001,Onsite,32,9,3
2002,Onsite,36,13,5
2003,Hybrid,22,2,1
2004,Onsite,57,11,2
2005,Remote,33,14,4
2006,Hybrid,48,1,1
2007,Remote,29,13,5
2008,Onsite,53,12,5
2009,Remote,29,13,4
2010,Remote,34,3,2
2011,Remote,36,4,2
2012,Remote,42,11,4
2013,Onsite,39,0,1
2014,Onsite,50,14,5
2015,Onsite,20,4,1
2016,Hybrid,26,1,5
2017,Onsite,33,10,4
2018,Onsite,56,8,2
2019,Remote,53,11,4
2020,Onsite,26,13,1
2021,Hybrid,52,2,5
2022,Hybrid,26,0,1
2023,Hybrid,20,9,1
2024,Onsite,26,14,1
2025,Remote,57,4,1
2026,Onsite,21,1,3
2027,Onsite,29,14,1
2028,Onsite,31,5,5
2029,Hybrid,57,13,2
2030,Onsite,27,2,3
2031,Onsite,49,2,1
2032,Remote,29,6,3
2033,Hybrid,24,0,2
2034,Hybrid,26,6,5
2035,Hybrid,47,15,5
2036,Hybrid,47,1,5
2037,Remote,52,5,4
2038,Remote,33,2,2
2039,Hybrid,52,4,1
2040,Remote,43,12,1
2041,Hybrid,45,4,5
2042,Onsite,47,5,1
2043,Onsite,21,9,2
2044,Hybrid,45,12,5
2045,Remote,40,2,1
2046,Remote,53,13,5
2047,Hybrid,29,8,2
2048,Onsite,54,10,5
2049,Remote,38,5,5
2050,Onsite,22,5,5
2051,Hybrid,52,0,2
2052,Onsite,31,2,5
2053,Onsite,36,6,2
2054,Hybrid,40,6,1
2055,Hybrid,48,11,4
2056,Hybrid,30,14,2
2057,Remote,32,10,1
2058,Hybrid,48,14,2
2059,Remote,25,3,2
2060,Remote,35,0,2
2061,Hybrid,32,1,4
2062,Hybrid,50,12,1
2063,Onsite,25,8,1
2064,Onsite,31,15,2
2065,Remote,28,7,2
2066,Remote,27,6,3
2067,Onsite,22,8,1
2068,Remote,20,4,2
2069,Remote,52,14,1
2070,Remote,51,15,4
2071,Hybrid,57,0,1
2072,Onsite,33,1,4
2073,Remote,50,7,4
2074,Remote,54,5,5
2075,Hybrid,22,5,3
2076,Hybrid,37,8,1
2077,Hybrid,52,5,4
2078,Onsite,56,1,4
2079,Hybrid,45,9,5
2080,Hybrid,53,5,1
2081,Hybrid,49,11,5
2082,Hybrid,43,3,3
2083,Onsite,32,1,2
2084,Onsite,51,2,3
2085,Remote,35,1,2
2086,Remote,38,0,5
2087,Hybrid,58,5,5
2088,Remote,46,2,1
2089,Hybrid,30,13,5
2090,Hybrid,50,0,4
2091,Remote,44,0,2
2092,Remote,29,9,4
2093,Remote,25,10,3
2094,Remote,40,10,1
2095,Onsite,38,3,2
2096,Onsite,53,7,5
2097,Remote,48,6,3
2098,Hybrid,56,4,2
2099,Hybrid,25,11,3
2100,Remote,35,12,1
2101,Remote,43,14,4
2102,Onsite,48,6,4
2103,Hybrid,28,7,2
2104,Onsite,20,14,1
2105,Hybrid,29,11,5
2106,Onsite,28,6,5
2107,Hybrid,32,4,3
2108,Remote,27,12,1
2109,Hybrid,27,7,1
2110,Remote,54,12,2
2111,Hybrid,28,6,3
2112,Remote,25,3,1
2113,Remote,46,6,5
2114,Remote,34,14,3
2115,Onsite,27,3,1
2116,Hybrid,21,11,4
2117,Remote,20,7,1
2118,Remote,35,0,1
2119,Onsite,60,4,1
2120,Remote,24,15,3
2121,Remote,58,10,5
2122,Remote,26,13,3
2123,Remote,34,0,5
2124,Hybrid,53,15,3
2125,Remote,44,8,5
2126,Remote,48,14,1
2127,Remote,33,11,3
2128,Onsite,33,2,2
2129,Onsite,45,7,1
2130,Hybrid,23,8,1
2131,Remote,48,3,5
2132,Remote,42,2,5
2133,Remote,49,6,4
2134,Remote,48,0,2
2135,Onsite,55,8,4
2136,Remote,47,10,2
2137,Remote,49,13,1
2138,Remote,42,1,1
2139,Onsite,57,14,5
2140,Remote,24,10,4
2141,Hybrid,32,7,3
2142,Hybrid,24,10,3
2143,Remote,52,0,3
2144,Onsite,53,7,3
2145,Onsite,43,14,5
2146,Onsite,56,6,1
2147,Remote,43,14,5
2148,Remote,40,11,2
2149,Hybrid,22,14,3
2150,Hybrid,45,9,1
2151,Remote,21,5,4
2152,Remote,36,8,5
2153,Hybrid,42,10,2
2154,Hybrid,42,4,3
2155,Hybrid,42,13,2
2156,Hybrid,45,9,3
2157,Hybrid,59,15,5
2158,Onsite,32,8,2
2159,Hybrid,47,14,1
2160,Remote,49,10,4
2161,Remote,58,8,2
2162,Hybrid,25,10,1
2163,Hybrid,27,8,1
2164,Remote,44,0,4
2165,Remote,57,7,3
2166,Onsite,60,5,2
2167,Hybrid,53,14,5
2168,Remote,27,8,2
2169,Hybrid,37,13,2
2170,Onsite,22,5,3
2171,Remote,46,15,4
2172,Onsite,59,3,2
2173,Onsite,24,8,2
2174,Hybrid,36,0,5
2175,Remote,46,0,5
2176,Remote,53,10,2
2177,Hybrid,57,14,3
2178,Remote,49,11,5
2179,Hybrid,54,5,5
2180,Hybrid,45,12,2
2181,Remote,21,12,1
2182,Onsite,52,7,5
2183,Onsite,45,15,3
2184,Hybrid,52,11,1
2185,Remote,49,3,4
2186,Remote,23,3,2
2187,Hybrid,60,11,4
2188,Hybrid,34,0,3
2189,Hybrid,31,12,5
2190,Hybrid,56,8,4
2191,Remote,51,7,4
2192,Hybrid,20,15,4
2193,Remote,48,2,1
2194,Hybrid,54,0,5
2195,Remote,36,9,1
2196,Hybrid,49,14,1
2197,Hybrid,53,12,2
2198,Hybrid,50,15,3
2199,Remote,37,9,5
2200,Remote,40,5,3
2201,Onsite,42,0,4
2202,Onsite,48,0,3
2203,Hybrid,48,8,3
2204,Hybrid,32,3,2
2205,Hybrid,49,14,3
2206,Hybrid,44,0,5
2207,Remote,50,2,1
2208,Onsite,35,7,3
2209,Onsite,35,15,4
2210,Onsite,43,6,4
2211,Remote,20,15,3
2212,Hybrid,26,9,4
2213,Remote,38,1,2
2214,Remote,57,11,5
2215,Hybrid,58,3,4
2216,Remote,29,5,2
2217,Onsite,41,4,1
2218,Remote,48,1,1
2219,Hybrid,44,9,1
2220,Hybrid,33,5,2
2221,Remote,41,9,5
2222,Hybrid,30,2,4
2223,Remote,21,15,1
2224,Onsite,22,8,5
2225,Hybrid,32,2,4
2226,Onsite,59,15,3
2227,Hybrid,22,14,4
2228,Hybrid,50,8,5
2229,Hybrid,49,2,2
2230,Remote,24,12,1
2231,Remote,49,8,4
2232,Onsite,33,13,1
2233,Remote,30,10,1
2234,Onsite,24,8,1
2235,Onsite,35,2,2
2236,Onsite,25,11,3
2237,Onsite,31,12,2
2238,Hybrid,57,4,3
2239,Remote,27,7,1
2240,Hybrid,25,7,4
2241,Onsite,47,2,3
2242,Onsite,22,12,1
2243,Hybrid,39,13,4
2244,Hybrid,47,4,2
2245,Remote,50,13,5
2246,Remote,20,12,1
2247,Onsite,42,7,2
2248,Remote,27,1,5
2249,Remote,45,15,5
2250,Onsite,28,2,4
2251,Remote,47,14,4
2252,Onsite,39,0,4
2253,Onsite,37,6,5
2254,Onsite,34,15,1
2255,Remote,47,4,4
2256,Onsite,24,13,1
2257,Onsite,23,4,1
2258,Onsite,52,10,5
2259,Remote,31,13,1
2260,Onsite,39,2,4
2261,Remote,54,0,5
2262,Hybrid,59,0,4
2263,Hybrid,32,1,5
2264,Onsite,26,2,4
2265,Remote,59,6,5
2266,Hybrid,26,9,3
2267,Onsite,56,10,2
2268,Hybrid,48,4,5
2269,Onsite,49,0,2
2270,Hybrid,47,2,3
2271,Hybrid,54,7,2
2272,Hybrid,59,8,4
2273,Onsite,21,2,3
2274,Remote,33,13,2
2275,Hybrid,21,2,3
2276,Hybrid,23,15,2
2277,Remote,36,10,4
2278,Remote,29,0,3
2279,Remote,37,13,1
2280,Onsite,55,0,3
2281,Hybrid,29,5,5
2282,Onsite,51,0,3
2283,Remote,49,8,2
2284,Hybrid,21,2,5
2285,Hybrid,40,12,1
2286,Onsite,53,14,4
2287,Remote,30,4,1
2288,Onsite,54,4,2
2289,Onsite,47,6,3
2290,Remote,20,14,4
2291,Hybrid,30,5,3
2292,Hybrid,48,15,3
2293,Hybrid,29,1,4
2294,Onsite,54,6,1
2295,Onsite,47,12,1
2296,Onsite,50,1,3
2297,Onsite,30,1,2
2298,Hybrid,30,15,4
2299,Onsite,40,1,5
2300,Remote,34,15,5
2301,Remote,25,14,2
2302,Remote,49,0,3
2303,Remote,59,2,4
2304,Remote,31,1,2
2305,Remote,50,7,1
2306,Hybrid,50,7,3
2307,Remote,46,7,5
2308,Hybrid,59,0,3
2309,Hybrid,55,9,1
2310,Remote,38,3,3
2311,Hybrid,36,7,1
2312,Hybrid,33,2,1
2313,Hybrid,31,10,5
2314,Onsite,44,1,5
2315,Remote,22,10,1
2316,Onsite,32,15,3
2317,Hybrid,44,11,4
2318,Onsite,57,13,5
2319,Remote,54,1,2
2320,Hybrid,45,4,3
2321,Hybrid,59,12,2
2322,Onsite,34,8,4
2323,Hybrid,29,5,2
2324,Onsite,48,11,1
2325,Onsite,51,5,4
2326,Hybrid,37,10,2
2327,Onsite,40,3,5
2328,Remote,34,11,1
2329,Onsite,55,11,3
2330,Hybrid,22,0,5
2331,Onsite,60,0,2
2332,Remote,60,6,3
2333,Remote,31,10,3
2334,Remote,55,2,5
2335,Hybrid,40,8,5
2336,Remote,53,12,2
2337,Hybrid,23,13,5
2338,Hybrid,29,8,4
2339,Hybrid,40,9,5
2340,Onsite,48,8,4
2341,Remote,43,7,5
2342,Hybrid,49,5,4
2343,Remote,20,10,1
2344,Hybrid,24,1,5
2345,Remote,24,2,4
2346,Onsite,47,2,2
2347,Onsite,50,4,1
2348,Onsite,34,9,5
2349,Remote,55,14,5
2350,Onsite,45,12,2
2351,Onsite,20,3,4
2352,Remote,32,10,3
2353,Onsite,25,7,3
2354,Hybrid,30,15,1
2355,Hybrid,33,10,2
2356,Remote,58,13,4
2357,Remote,55,12,1
2358,Onsite,34,4,1
2359,Onsite,36,15,3
2360,Onsite,42,2,5
2361,Hybrid,22,15,2
2362,Onsite,53,6,1
2363,Hybrid,37,11,1
2364,Onsite,55,4,1
2365,Remote,42,4,4
2366,Onsite,55,4,2
2367,Hybrid,42,13,4
2368,Hybrid,39,10,3
2369,Hybrid,54,3,5
2370,Onsite,28,0,1
2371,Onsite,36,11,1
2372,Remote,20,15,5
2373,Onsite,42,15,2
2374,Remote,24,1,5
2375,Hybrid,48,7,5
2376,Hybrid,30,13,4
2377,Onsite,27,5,3
2378,Hybrid,24,5,3
2379,Remote,42,0,2
2380,Remote,53,10,3
2381,Hybrid,34,14,4
2382,Onsite,42,7,1
2383,Hybrid,27,9,5
2384,Hybrid,56,5,2
2385,Onsite,30,14,4
2386,Onsite,40,1,2
2387,Hybrid,57,13,5
2388,Remote,46,10,5
2389,Remote,38,15,2
2390,Remote,22,8,1
2391,Hybrid,46,2,5
2392,Onsite,35,1,4
2393,Remote,39,9,2
2394,Hybrid,55,7,2
2395,Remote,26,5,4
2396,Remote,51,6,3
2397,Remote,46,12,1
2398,Onsite,31,0,1
2399,Onsite,56,11,5
2400,Hybrid,52,10,1
2401,Hybrid,30,0,5
2402,Remote,52,10,1
2403,Hybrid,38,5,2
2404,Onsite,25,9,2
2405,Hybrid,46,8,4
2406,Hybrid,42,8,5
2407,Remote,32,9,4
2408,Hybrid,34,8,2
2409,Remote,35,1,1
2410,Onsite,27,13,4
2411,Hybrid,43,7,2
2412,Hybrid,27,1,3
2413,Onsite,20,2,3
2414,Hybrid,44,4,3
2415,Onsite,37,6,4
2416,Remote,59,1,1
2417,Hybrid,32,0,3
2418,Onsite,38,7,5
2419,Remote,36,4,4
2420,Remote,28,10,5
2421,Remote,23,7,1
2422,Hybrid,40,11,3
2423,Hybrid,40,11,1
2424,Onsite,21,0,5
2425,Remote,41,10,4
2426,Hybrid,23,15,5
2427,Onsite,47,15,3
2428,Onsite,45,14,1
2429,Onsite,50,5,2
2430,Remote,32,8,3
2431,Onsite,38,9,3
2432,Remote,24,5,1
2433,Hybrid,26,1,1
2434,Hybrid,48,14,3
2435,Remote,56,2,2
2436,Remote,38,12,5
2437,Remote,51,13,1
2438,Remote,52,6,4
2439,Remote,46,0,1
2440,Hybrid,29,9,4
2441,Hybrid,49,8,5
2442,Onsite,27,7,2
2443,Hybrid,26,8,1
2444,Onsite,39,12,2
2445,Hybrid,55,2,2
2446,Remote,59,7,2
2447,Onsite,49,9,3
2448,Onsite,38,8,4
2449,Remote,26,0,4
2450,Remote,31,2,2
2451,Onsite,32,9,2
2452,Onsite,33,4,5
2453,Hybrid,44,6,5
2454,Onsite,37,5,4
2455,Onsite,20,1,4
2456,Remote,34,7,2
2457,Remote,35,15,3
2458,Onsite,55,2,4
2459,Hybrid,22,3,3
2460,Remote,41,6,3
2461,Hybrid,41,2,1
2462,Onsite,56,9,1
2463,Remote,53,2,1
2464,Onsite,28,2,5
2465,Onsite,55,14,5
2466,Onsite,48,1,5
2467,Hybrid,57,10,1
2468,Hybrid,37,10,1
2469,Remote,56,9,3
2470,Onsite,23,14,5
2471,Onsite,49,2,2
2472,Remote,25,15,4
2473,Remote,33,6,3
2474,Hybrid,31,2,2
2475,Onsite,54,3,3
2476,Onsite,57,8,1
2477,Onsite,33,7,1
2478,Remote,47,8,5
2479,Remote,25,3,3
2480,Remote,36,3,1
2481,Remote,26,3,3
2482,Remote,56,10,5
2483,Onsite,46,3,4
2484,Remote,36,10,2
2485,Onsite,45,3,2
2486,Onsite,46,4,3
2487,Onsite,41,7,1
2488,Onsite,38,15,4
2489,Onsite,60,2,2
2490,Onsite,48,1,3
2491,Remote,24,10,5
2492,Onsite,57,6,3
2493,Onsite,30,0,2
2494,Remote,42,14,2
2495,Onsite,51,11,1
2496,Onsite,28,11,4
2497,Hybrid,60,14,1
2498,Onsite,35,0,2
2499,Onsite,59,12,5
2500,Remote,58,1,4
2501,Remote,22,4,5
2502,Hybrid,27,5,5
2503,Remote,35,1,4
2504,Onsite,41,13,3
2505,Remote,31,8,5
2506,Remote,24,13,2
2507,Hybrid,24,12,2
2508,Remote,55,15,2
2509,Hybrid,22,9,5
2510,Remote,35,7,1
2511,Hybrid,52,12,2
2512,Onsite,45,15,5
2513,Hybrid,30,3,3
2514,Onsite,56,5,3
2515,Hybrid,56,0,1
2516,Remote,26,1,3
2517,Hybrid,25,9,5
2518,Remote,27,15,4
2519,Hybrid,21,3,4
2520,Onsite,25,10,2
2521,Hybrid,52,1,5
2522,Remote,21,1,4
2523,Hybrid,38,6,3
2524,Remote,43,9,5
2525,Hybrid,20,12,5
2526,Remote,52,7,3
2527,Remote,21,4,5
2528,Remote,56,15,3
2529,Onsite,38,5,4
2530,Remote,39,15,1
2531,Onsite,47,5,2
2532,Remote,53,8,2
2533,Onsite,55,15,3
2534,Remote,54,13,3
2535,Remote,50,14,3
2536,Hybrid,60,15,1
2537,Onsite,53,5,5
2538,Onsite,58,10,2
2539,Onsite,49,13,1
2540,Remote,30,2,5
2541,Remote,42,5,3
2542,Remote,34,5,3
2543,Remote,41,11,2
2544,Remote,22,12,2
2545,Onsite,24,12,5
2546,Hybrid,57,9,3
2547,Remote,29,15,1
2548,Remote,27,13,2
2549,Remote,47,7,1
2550,Onsite,41,7,5
2551,Remote,33,11,2
2552,Remote,35,6,4
2553,Remote,60,11,2
2554,Onsite,56,6,4
2555,Remote,28,13,3
2556,Onsite,22,14,3
2557,Remote,37,12,2
2558,Hybrid,32,4,2
2559,Onsite,51,14,3
2560,Remote,60,14,2
2561,Onsite,27,4,1
2562,Hybrid,48,3,5
2563,Remote,22,0,3
2564,Onsite,39,2,1
2565,Remote,20,12,4
2566,Remote,36,1,4
2567,Hybrid,60,15,2
2568,Onsite,55,11,2
2569,Onsite,41,12,3
2570,Onsite,38,10,5
2571,Hybrid,23,2,1
2572,Remote,46,11,5
2573,Hybrid,46,15,3
2574,Remote,59,8,3
2575,Remote,55,0,4
2576,Onsite,37,13,4
2577,Onsite,38,1,3
2578,Onsite,46,3,5
2579,Remote,43,13,3
2580,Onsite,47,12,2
2581,Hybrid,27,4,2
2582,Hybrid,49,1,1
2583,Onsite,42,12,1
2584,Hybrid,59,10,5
2585,Hybrid,28,15,3
2586,Hybrid,34,8,5
2587,Onsite,38,11,2
2588,Remote,39,15,2
2589,Hybrid,41,3,2
2590,Remote,29,6,1
2591,Onsite,51,4,5
2592,Onsite,53,14,5
2593,Hybrid,27,12,2
2594,Onsite,46,4,5
2595,Onsite,48,15,2
2596,Onsite,36,6,5
2597,Remote,21,10,1
2598,Hybrid,59,2,2
2599,Hybrid,25,11,5
2600,Hybrid,23,9,1
2601,Hybrid,59,5,4
2602,Onsite,49,15,5
2603,Onsite,37,6,3
2604,Hybrid,54,2,5
2605,Remote,46,4,3
2606,Hybrid,31,2,5
2607,Onsite,31,0,3
2608,Remote,52,4,5
2609,Remote,30,9,5
2610,Hybrid,54,1,4
2611,Onsite,49,1,2
2612,Remote,47,12,1
2613,Remote,22,5,4
2614,Hybrid,39,2,4
2615,Onsite,35,8,5
2616,Onsite,24,0,2
2617,Onsite,48,3,3
2618,Onsite,40,9,4
2619,Onsite,58,14,3
2620,Hybrid,36,6,2
2621,Onsite,28,15,2
2622,Hybrid,59,2,1
2623,Remote,34,13,5
2624,Onsite,43,11,4
2625,Hybrid,26,3,5
2626,Hybrid,21,5,3
2627,Hybrid,52,4,4
2628,Onsite,52,1,4
2629,Onsite,38,6,5
2630,Hybrid,50,14,2
2631,Onsite,42,9,4
2632,Hybrid,57,11,3
2633,Onsite,26,6,1
2634,Onsite,46,1,3
2635,Onsite,26,13,3
2636,Remote,32,7,2
2637,Onsite,33,15,1
2638,Hybrid,45,6,1
2639,Hybrid,30,4,4
2640,Hybrid,35,10,2
2641,Remote,28,7,4
2642,Hybrid,45,1,2
2643,Remote,36,10,3
2644,Remote,34,12,3
2645,Remote,20,11,5
2646,Hybrid,36,13,3
2647,Hybrid,32,4,4
2648,Hybrid,49,0,2
2649,Hybrid,50,1,4
2650,Onsite,59,12,3
2651,Hybrid,44,7,2
2652,Hybrid,55,12,2
2653,Remote,45,15,4
2654,Onsite,53,8,2
2655,Hybrid,24,7,2
2656,Onsite,36,5,3
2657,Hybrid,37,6,1
2658,Onsite,29,6,1
2659,Remote,42,11,2
2660,Hybrid,35,5,1
2661,Remote,36,14,1
2662,Remote,35,13,3
2663,Remote,28,8,2
2664,Onsite,52,4,2
2665,Hybrid,55,5,4
2666,Remote,26,10,5
2667,Onsite,32,6,3
2668,Hybrid,26,3,2
2669,Hybrid,36,10,1
2670,Remote,37,10,3
2671,Hybrid,46,3,5
2672,Hybrid,21,0,3
2673,Remote,47,11,1
2674,Hybrid,48,7,3
2675,Onsite,47,0,3
2676,Onsite,37,11,2
2677,Hybrid,28,0,1
2678,Hybrid,31,3,1
2679,Remote,50,15,2
2680,Hybrid,59,7,2
2681,Remote,48,15,2
2682,Onsite,45,10,3
2683,Hybrid,21,7,2
2684,Remote,40,8,5
2685,Remote,32,11,3
2686,Remote,54,4,2
2687,Onsite,48,4,1
2688,Onsite,33,14,3
2689,Hybrid,23,8,4
2690,Hybrid,49,4,3
2691,Onsite,42,5,1
2692,Onsite,24,5,3
2693,Hybrid,21,10,3
2694,Remote,60,14,4
2695,Onsite,26,7,4
2696,Onsite,44,13,1
2697,Onsite,40,0,2
2698,Remote,23,8,4
2699,Onsite,41,2,2
2700,Onsite,56,4,1
2701,Onsite,39,12,5
2702,Remote,51,4,4
2703,Hybrid,49,2,4
2704,Onsite,53,3,5
2705,Onsite,50,15,4
2706,Onsite,57,11,1
2707,Hybrid,55,10,2
2708,Remote,53,12,4
2709,Hybrid,24,12,3
2710,Remote,20,2,2
2711,Remote,58,13,3
2712,Onsite,41,3,1
2713,Remote,54,4,5
2714,Onsite,41,2,5
2715,Onsite,49,1,1
2716,Onsite,60,14,5
2717,Remote,44,6,5
2718,Remote,58,0,5
2719,Hybrid,43,6,5
2720,Onsite,45,12,5
2721,Remote,29,14,3
2722,Remote,50,10,3
2723,Hybrid,47,9,4
2724,Onsite,25,5,2
2725,Onsite,31,6,5
2726,Remote,23,1,5
2727,Onsite,29,9,2
2728,Remote,37,10,2
2729,Remote,27,14,4
2730,Onsite,31,12,3
2731,Onsite,30,10,2
2732,Onsite,30,2,3
2733,Onsite,43,4,5
2734,Remote,23,9,2
2735,Remote,29,2,3
2736,Remote,46,14,3
2737,Hybrid,58,2,5
2738,Onsite,52,3,4
2739,Onsite,55,6,1
2740,Hybrid,57,3,2
2741,Onsite,33,10,3
2742,Onsite,33,10,5
2743,Hybrid,31,7,3
2744,Onsite,60,8,3
2745,Hybrid,51,3,4
2746,Hybrid,33,5,4
2747,Remote,31,6,3
2748,Onsite,24,9,3
2749,Remote,30,11,4
2750,Onsite,28,8,1
2751,Onsite,21,12,1
2752,Remote,39,14,5
2753,Onsite,40,15,1
2754,Remote,58,13,2
2755,Remote,36,10,1
2756,Onsite,43,14,4
2757,Hybrid,43,15,4
2758,Remote,35,2,2
2759,Hybrid,41,12,2
2760,Remote,26,11,3
2761,Onsite,31,4,4
2762,Onsite,60,15,5
2763,Remote,21,9,5
2764,Hybrid,40,13,4
2765,Remote,60,4,4
2766,Remote,55,3,4
2767,Remote,28,15,3
2768,Hybrid,28,1,2
2769,Onsite,53,13,4
2770,Remote,38,10,5
2771,Remote,55,5,5
2772,Remote,40,15,3
2773,Onsite,33,2,5
2774,Hybrid,37,14,5
2775,Hybrid,31,6,4
2776,Remote,30,10,4
2777,Onsite,26,6,2
2778,Hybrid,46,11,3
2779,Hybrid,21,0,5
2780,Hybrid,21,15,5
2781,Onsite,31,8,3
2782,Onsite,47,0,5
2783,Remote,31,7,3
2784,Remote,45,11,1
2785,Onsite,50,9,3
2786,Onsite,37,1,1
2787,Remote,23,2,1
2788,Hybrid,27,10,3
2789,Hybrid,27,8,5
2790,Hybrid,50,0,1
2791,Remote,57,14,4
2792,Hybrid,32,12,1
2793,Remote,50,2,3
2794,Hybrid,57,8,3
2795,Onsite,35,9,1
2796,Onsite,35,14,1
2797,Hybrid,46,1,1
2798,Hybrid,41,9,2
2799,Hybrid,53,8,1
2800,Onsite,33,9,3
2801,Hybrid,59,7,3
2802,Remote,57,3,1
2803,Onsite,43,15,5
2804,Remote,49,8,1
2805,Onsite,44,0,3
2806,Remote,59,6,3
2807,Hybrid,60,6,3
2808,Onsite,29,7,3
2809,Remote,47,12,5
2810,Hybrid,38,10,4
2811,Hybrid,51,6,3
2812,Onsite,42,11,5
2813,Hybrid,30,6,5
2814,Onsite,52,13,1
2815,Onsite,36,13,3
2816,Hybrid,55,10,4
2817,Onsite,43,0,1
2818,Hybrid,41,15,3
2819,Onsite,23,12,2
2820,Remote,26,4,1
2821,Hybrid,31,9,5
2822,Remote,53,4,4
2823,Remote,33,13,3
2824,Onsite,41,14,1
2825,Remote,40,15,4
2826,Onsite,40,2,5
2827,Onsite,21,11,1
2828,Remote,57,7,5
2829,Remote,57,4,3
2830,Onsite,32,10,3
2831,Remote,23,15,3
2832,Hybrid,43,3,1
2833,Onsite,52,4,5
2834,Remote,44,9,2
2835,Onsite,33,12,5
2836,Remote,20,10,2
2837,Onsite,31,13,2
2838,Onsite,53,15,5
2839,Remote,44,2,5
2840,Onsite,57,5,1
2841,Remote,45,3,4
2842,Remote,29,10,3
2843,Onsite,47,6,2
2844,Onsite,25,0,2
2845,Hybrid,44,7,3
2846,Onsite,21,15,1
2847,Onsite,30,7,4
2848,Hybrid,53,8,4
2849,Remote,25,8,3
2850,Hybrid,37,12,1
2851,Hybrid,54,0,1
2852,Remote,25,13,5
2853,Remote,56,9,5
2854,Onsite,35,7,4
2855,Remote,57,3,5
2856,Hybrid,31,0,2
2857,Remote,54,12,5
2858,Hybrid,20,1,4
2859,Onsite,40,5,3
2860,Onsite,48,14,4
2861,Hybrid,53,11,5
2862,Remote,27,9,4
2863,Remote,47,1,1
2864,Remote,20,0,5
2865,Hybrid,24,15,2
2866,Hybrid,20,13,5
2867,Hybrid,47,11,5
2868,Onsite,46,12,1
2869,Remote,52,5,5
2870,Onsite,48,0,5
2871,Hybrid,59,6,4
2872,Hybrid,25,0,1
2873,Hybrid,53,4,3
2874,Remote,49,9,3
2875,Hybrid,33,2,4
2876,Onsite,42,8,2
2877,Hybrid,36,6,5
2878,Hybrid,52,6,1
2879,Hybrid,34,14,1
2880,Hybrid,28,11,1
2881,Remote,52,0,4
2882,Hybrid,43,1,2
2883,Remote,47,2,4
2884,Remote,33,2,3
2885,Remote,46,10,3
2886,Hybrid,24,15,5
2887,Remote,59,10,3
2888,Onsite,30,0,4
2889,Hybrid,48,0,3
2890,Hybrid,30,9,1
2891,Remote,22,9,3
2892,Onsite,52,5,3
2893,Hybrid,38,14,2
2894,Remote,44,11,3
2895,Onsite,46,10,1
2896,Onsite,39,12,3
2897,Remote,46,12,3
2898,Onsite,36,0,1
2899,Remote,26,4,2
2900,Hybrid,35,7,1
2901,Hybrid,58,15,3
2902,Onsite,59,2,3
2903,Hybrid,49,9,3
2904,Remote,54,3,4
2905,Onsite,34,1,1
2906,Remote,30,1,2
2907,Hybrid,59,4,4
2908,Remote,23,2,3
2909,Remote,57,8,5
2910,Remote,20,12,3
2911,Onsite,20,6,3
2912,Hybrid,27,5,1
2913,Onsite,55,9,3
2914,Remote,46,9,4
2915,Hybrid,57,12,4
2916,Remote,51,15,3
2917,Onsite,35,4,2
2918,Hybrid,29,13,3
2919,Hybrid,57,8,1
2920,Hybrid,33,1,2
2921,Hybrid,37,2,4
2922,Remote,50,12,4
2923,Onsite,31,11,1
2924,Onsite,40,1,1
2925,Remote,35,7,2
2926,Hybrid,51,0,4
2927,Onsite,28,9,3
2928,Hybrid,53,14,4
2929,Hybrid,60,6,2
2930,Remote,24,10,3
2931,Onsite,56,12,3
2932,Remote,25,2,5
2933,Hybrid,21,10,1
2934,Hybrid,35,3,4
2935,Hybrid,28,4,4
2936,Hybrid,21,6,4
2937,Hybrid,43,5,5
2938,Onsite,22,14,5
2939,Remote,57,0,4
2940,Hybrid,31,14,2
2941,Onsite,52,11,1
2942,Remote,58,4,3
2943,Remote,28,5,2
2944,Hybrid,31,14,3
2945,Remote,47,3,5
2946,Hybrid,56,9,1
2947,Remote,25,11,5
2948,Hybrid,33,11,4
2949,Hybrid,23,12,3
2950,Remote,32,11,1
2951,Onsite,41,9,1
2952,Hybrid,54,14,5
2953,Onsite,60,4,4
2954,Onsite,23,1,1
2955,Hybrid,41,14,5
2956,Hybrid,31,3,4
2957,Onsite,26,15,1
2958,Hybrid,24,0,4
2959,Remote,49,14,5
2960,Hybrid,24,1,1
2961,Onsite,55,4,3
2962,Remote,24,0,3
2963,Hybrid,38,10,1
2964,Onsite,28,10,3
2965,Hybrid,49,14,2
2966,Hybrid,20,14,3
2967,Onsite,50,8,5
2968,Onsite,30,6,4
2969,Hybrid,50,11,5
2970,Hybrid,59,10,4
2971,Onsite,36,7,4
2972,Hybrid,24,5,1
2973,Remote,24,6,4
2974,Hybrid,33,1,3
2975,Hybrid,27,12,5
2976,Onsite,44,7,2
2977,Hybrid,23,5,5
2978,Remote,21,6,4
2979,Hybrid,51,7,5
2980,Onsite,29,2,5
2981,Onsite,36,3,5
2982,Remote,59,3,1
2983,Remote,52,11,3
2984,Remote,53,3,1
2985,Onsite,27,7,5
2986,Onsite,49,3,2
2987,Remote,56,13,4
2988,Hybrid,45,1,1
2989,Hybrid,38,13,3
2990,Hybrid,37,4,1
2991,Onsite,42,1,3
2992,Remote,27,5,3
2993,Remote,53,6,5
2994,Remote,33,10,1
2995,Onsite,47,3,1
2996,Onsite,43,2,4
2997,Remote,53,8,3
2998,Onsite,59,2,1
2999,Onsite,40,9,2
3000,Remote,50,0,3
3001,Remote,44,12,1
3002,Hybrid,47,0,1
3003,Remote,43,12,2
3004,Hybrid,36,12,3
3005,Remote,45,1,1
3006,Remote,24,11,3
3007,Hybrid,41,8,1
3008,Remote,54,3,3
3009,Remote,55,9,2
3010,Onsite,26,14,4
3011,Hybrid,36,0,1
3012,Remote,42,6,5
3013,Onsite,23,7,5
3014,Hybrid,28,11,3
3015,Remote,34,1,3
3016,Onsite,39,10,4
3017,Remote,54,4,3
3018,Onsite,39,5,1
3019,Remote,33,6,5
3020,Remote,53,8,1
3021,Hybrid,55,9,3
3022,Onsite,46,11,4
3023,Hybrid,40,3,2
3024,Remote,48,10,1
3025,Hybrid,48,3,2
3026,Remote,30,4,5
3027,Remote,21,7,3
3028,Hybrid,24,8,1
3029,Remote,27,14,5
3030,Onsite,51,2,1
3031,Remote,24,13,1
3032,Remote,56,7,1
3033,Remote,44,2,3
3034,Hybrid,33,2,2
3035,Hybrid,22,1,2
3036,Remote,24,7,1
3037,Remote,40,11,3
3038,Remote,38,6,3
3039,Onsite,29,10,1
3040,Remote,56,4,3
3041,Hybrid,47,1,3
3042,Onsite,40,8,3
3043,Hybrid,29,1,1
3044,Hybrid,23,11,1
3045,Hybrid,44,10,1
3046,Onsite,22,7,4
3047,Remote,59,5,4
3048,Remote,53,13,2
3049,Onsite,37,12,4
3050,Onsite,51,7,1
3051,Onsite,31,7,4
3052,Remote,34,2,2
3053,Onsite,52,5,5
3054,Remote,50,3,1
3055,Hybrid,21,0,1
3056,Hybrid,39,10,4
3057,Hybrid,36,4,2
3058,Onsite,22,7,5
3059,Hybrid,50,11,2
3060,Remote,21,6,5
3061,Remote,51,5,3
3062,Onsite,22,14,4
3063,Hybrid,44,3,2
3064,Hybrid,59,3,4
3065,Onsite,24,1,1
3066,Remote,56,4,4
3067,Hybrid,46,9,5
3068,Hybrid,36,3,1
3069,Hybrid,47,2,1
3070,Hybrid,47,11,2
3071,Hybrid,37,6,4
3072,Remote,37,11,1
3073,Remote,45,1,4
3074,Onsite,37,2,5
3075,Onsite,21,8,4
3076,Hybrid,34,10,5
3077,Onsite,42,10,5
3078,Onsite,51,9,2
3079,Onsite,60,1,2
3080,Remote,32,0,1
3081,Remote,33,12,3
3082,Hybrid,58,4,2
3083,Hybrid,53,9,1
3084,Onsite,21,0,3
3085,Hybrid,48,15,2
3086,Hybrid,51,4,5
3087,Onsite,31,2,1
3088,Hybrid,33,5,1
3089,Remote,37,11,5
3090,Onsite,56,5,2
3091,Onsite,42,8,3
3092,Remote,60,5,4
3093,Remote,27,11,5
3094,Hybrid,47,10,5
3095,Remote,47,13,1
3096,Remote,58,12,1
3097,Remote,56,13,1
3098,Onsite,50,8,3
3099,Onsite,60,14,3
3100,Hybrid,25,15,4
3101,Remote,55,12,5
3102,Hybrid,32,15,5
3103,Remote,36,3,4
3104,Hybrid,38,0,2
3105,Remote,39,0,2
3106,Remote,57,6,3
3107,Onsite,50,12,5
3108,Remote,43,2,5
3109,Remote,39,14,1
3110,Onsite,41,9,4
3111,Remote,43,6,5
3112,Remote,34,6,4
3113,Onsite,21,14,1
3114,Onsite,27,7,1
3115,Onsite,53,8,5
3116,Hybrid,44,10,2
3117,Remote,23,7,5
3118,Remote,58,14,3
3119,Onsite,39,1,3
3120,Onsite,54,3,5
3121,Onsite,23,1,2
3122,Remote,40,12,4
3123,Onsite,29,14,3
3124,Hybrid,59,3,2
3125,Onsite,25,9,5
3126,Onsite,48,15,1
3127,Hybrid,53,6,2
3128,Onsite,21,13,5
3129,Onsite,24,1,4
3130,Hybrid,46,0,1
3131,Remote,32,3,2
3132,Hybrid,52,9,4
3133,Remote,59,14,4
3134,Remote,22,6,5
3135,Remote,32,8,4
3136,Hybrid,44,12,1
3137,Hybrid,55,6,5
3138,Remote,20,12,5
3139,Hybrid,20,4,5
3140,Remote,37,8,1
3141,Remote,41,4,3
3142,Hybrid,28,15,2
3143,Remote,40,2,5
3144,Onsite,32,14,3
3145,Remote,51,4,1
3146,Remote,50,6,4
3147,Remote,20,1,4
3148,Onsite,21,7,1
3149,Hybrid,23,7,4
3150,Onsite,26,3,5
3151,Hybrid,49,13,3
3152,Hybrid,31,1,1
3153,Onsite,40,9,3
3154,Onsite,30,6,2
3155,Remote,28,2,2
3156,Onsite,31,1,1
3157,Remote,49,4,2
3158,Onsite,24,7,5
3159,Remote,32,6,4
3160,Onsite,59,15,4
3161,Hybrid,39,13,2
3162,Remote,23,5,1
3163,Hybrid,31,11,5
3164,Hybrid,41,9,3
3165,Remote,37,2,2
3166,Remote,37,10,5
3167,Onsite,28,7,1
3168,Remote,59,15,5
3169,Onsite,57,15,4
3170,Onsite,53,0,3
3171,Remote,26,0,2
3172,Hybrid,25,15,2
3173,Hybrid,48,2,1
3174,Remote,37,9,1
3175,Onsite,28,13,3
3176,Onsite,51,15,2
3177,Remote,44,6,2
3178,Onsite,42,9,1
3179,Remote,52,2,2
3180,Remote,24,2,1
3181,Onsite,40,15,3
3182,Remote,53,1,5
3183,Onsite,45,1,2
3184,Remote,38,8,3
3185,Hybrid,24,12,4
3186,Onsite,31,14,5
3187,Onsite,58,15,3
3188,Onsite,28,2,2
3189,Hybrid,33,0,3
3190,Hybrid,32,12,4
3191,Hybrid,36,5,1
3192,Remote,57,1,5
3193,Onsite,55,15,2
3194,Onsite,37,5,3
3195,Hybrid,36,9,3
3196,Remote,52,1,3
3197,Onsite,54,10,3
3198,Remote,49,14,4
3199,Remote,30,12,5
3200,Onsite,26,1,5
3201,Hybrid,38,15,2
3202,Remote,27,12,4
3203,Onsite,33,11,5
3204,Onsite,48,10,1
3205,Onsite,40,6,1
3206,Remote,30,15,1
3207,Hybrid,52,0,5
3208,Remote,41,0,3
3209,Onsite,54,7,2
3210,Onsite,40,1,4
3211,Hybrid,43,9,4
3212,Remote,46,5,4
3213,Hybrid,36,14,3
3214,Onsite,41,15,1
3215,Onsite,53,12,3
3216,Hybrid,46,9,3
3217,Onsite,57,9,4
3218,Onsite,20,4,5
3219,Hybrid,54,6,5
3220,Remote,53,7,1
3221,Onsite,53,10,4
3222,Hybrid,25,13,1
3223,Hybrid,42,7,3
3224,Remote,44,11,5
3225,Hybrid,57,9,1
3226,Onsite,41,0,2
3227,Hybrid,42,12,5
3228,Onsite,23,13,1
3229,Hybrid,58,1,2
3230,Hybrid,43,14,1
3231,Onsite,41,11,4
3232,Remote,33,6,2
3233,Hybrid,23,5,2
3234,Onsite,21,15,3
3235,Remote,28,3,2
3236,Hybrid,52,10,3
3237,Remote,42,9,2
3238,Onsite,42,0,1
3239,Hybrid,23,4,3
3240,Onsite,50,10,2
3241,Remote,37,9,4
3242,Onsite,59,11,4
3243,Hybrid,34,6,3
3244,Remote,27,5,1
3245,Onsite,42,3,3
3246,Hybrid,50,9,5
3247,Onsite,41,12,4
3248,Remote,29,5,5
3249,Onsite,20,7,3
3250,Onsite,51,7,3
3251,Remote,54,7,2
3252,Onsite,43,1,1
3253,Remote,23,15,2
3254,Remote,41,15,4
3255,Onsite,57,6,5
3256,Remote,35,13,2
3257,Onsite,44,13,4
3258,Hybrid,23,10,2
3259,Remote,32,8,2
3260,Onsite,54,9,1
3261,Remote,41,8,3
3262,Hybrid,59,1,2
3263,Remote,37,1,4
3264,Onsite,38,14,3
3265,Hybrid,21,2,1
3266,Hybrid,34,12,2
3267,Hybrid,46,6,3
3268,Hybrid,32,14,4
3269,Hybrid,54,1,2
3270,Onsite,37,10,5
3271,Remote,29,10,2
3272,Remote,28,12,2
3273,Onsite,29,8,2
3274,Remote,54,4,1
3275,Onsite,36,4,2
3276,Remote,46,8,2
3277,Hybrid,30,1,1
3278,Remote,46,0,4
3279,Hybrid,45,12,3
3280,Hybrid,37,0,4
3281,Remote,36,12,2
3282,Remote,60,15,4
3283,Remote,47,1,2
3284,Hybrid,33,8,3
3285,Onsite,27,2,1
3286,Onsite,32,15,1
3287,Hybrid,31,13,2
3288,Hybrid,35,8,2
3289,Hybrid,52,3,2
3290,Onsite,57,8,2
3291,Onsite,38,14,4
3292,Remote,22,10,5
3293,Hybrid,50,15,2
3294,Remote,28,2,3
3295,Remote,24,2,3
3296,Hybrid,32,13,3
3297,Onsite,53,9,1
3298,Hybrid,60,0,5
3299,Remote,29,0,1
3300,Hybrid,36,15,5
3301,Onsite,25,11,1
3302,Remote,41,13,4
3303,Hybrid,29,5,3
3304,Onsite,60,10,5
3305,Onsite,48,11,4
3306,Hybrid,23,4,5
3307,Hybrid,37,5,5
3308,Hybrid,34,4,2
3309,Remote,54,9,3
3310,Remote,36,1,3
3311,Onsite,48,2,4
3312,Remote,26,14,2
3313,Remote,21,15,4
3314,Onsite,27,3,4
3315,Hybrid,23,9,3
3316,Hybrid,57,1,1
3317,Onsite,41,2,3
3318,Onsite,35,3,2
3319,Remote,25,14,5
3320,Hybrid,35,0,3
3321,Onsite,37,1,3
3322,Hybrid,47,10,2
3323,Onsite,33,3,3
3324,Onsite,31,9,3
3325,Onsite,49,4,2
3326,Remote,59,6,2
3327,Hybrid,31,8,4
3328,Onsite,41,1,3
3329,Hybrid,47,9,3
3330,Hybrid,54,2,1
3331,Remote,27,13,5
3332,Onsite,48,8,2
3333,Onsite,20,3,1
3334,Onsite,36,12,3
3335,Onsite,40,2,1
3336,Remote,20,12,2
3337,Onsite,28,12,5
3338,Hybrid,28,11,2
3339,Hybrid,31,1,2
3340,Hybrid,45,11,2
3341,Hybrid,34,11,2
3342,Onsite,31,15,1
3343,Onsite,55,10,1
3344,Onsite,35,12,4
3345,Hybrid,24,11,2
3346,Hybrid,28,9,3
3347,Hybrid,27,15,5
3348,Onsite,32,1,5
3349,Hybrid,20,10,4
3350,Remote,43,2,1
3351,Remote,49,7,1
3352,Hybrid,48,9,3
3353,Hybrid,25,6,1
3354,Hybrid,28,10,3
3355,Onsite,49,0,3
3356,Hybrid,49,12,4
3357,Remote,57,12,2
3358,Onsite,46,15,3
3359,Hybrid,48,0,2
3360,Hybrid,51,0,5
3361,Hybrid,21,4,5
3362,Onsite,60,6,4
3363,Onsite,27,11,2
3364,Remote,51,8,4
3365,Hybrid,42,5,1
3366,Onsite,22,3,1
3367,Hybrid,35,6,4
3368,Remote,45,15,2
3369,Hybrid,37,3,1
3370,Remote,52,15,2
3371,Onsite,44,13,3
3372,Onsite,57,12,2
3373,Onsite,43,10,3
3374,Hybrid,54,13,5
3375,Hybrid,43,2,2
3376,Onsite,32,6,2
3377,Remote,58,8,3
3378,Onsite,49,14,2
3379,Remote,26,6,5
3380,Onsite,39,3,1
3381,Remote,53,2,5
3382,Hybrid,22,5,4
3383,Onsite,57,14,2
3384,Onsite,59,0,5
3385,Hybrid,32,3,1
3386,Hybrid,54,3,2
3387,Onsite,59,4,2
3388,Remote,30,8,4
3389,Remote,60,9,3
3390,Onsite,33,13,3
3391,Onsite,51,15,5
3392,Onsite,60,11,5
3393,Hybrid,45,2,2
3394,Remote,55,9,5
3395,Hybrid,22,4,1
3396,Hybrid,48,3,3
3397,Onsite,60,13,2
3398,Onsite,51,5,2
3399,Onsite,24,3,1
3400,Remote,20,10,4
3401,Hybrid,42,15,4
3402,Onsite,22,4,5
3403,Onsite,58,8,3
3404,Hybrid,32,10,5
3405,Remote,20,0,1
3406,Remote,39,14,2
3407,Hybrid,37,11,3
3408,Onsite,23,10,1
3409,Hybrid,31,14,1
3410,Hybrid,52,13,3
3411,Hybrid,34,11,3
3412,Onsite,35,15,3
3413,Onsite,29,14,2
3414,Hybrid,60,4,3
3415,Onsite,60,12,3
3416,Onsite,41,10,5
3417,Hybrid,30,0,2
3418,Onsite,24,13,5
3419,Hybrid,41,8,4
3420,Hybrid,55,1,2
3421,Remote,35,9,2
3422,Remote,42,1,4
3423,Onsite,24,9,1
3424,Remote,30,8,3
3425,Remote,58,4,5
3426,Onsite,43,8,1
3427,Onsite,21,0,4
3428,Onsite,59,1,3
3429,Onsite,46,9,5
3430,Remote,34,2,3
3431,Onsite,36,14,3
3432,Remote,50,12,2
3433,Onsite,49,7,5
3434,Remote,44,8,3
3435,Onsite,28,13,4
3436,Remote,36,5,4
3437,Remote,35,8,4
3438,Hybrid,36,7,2
3439,Onsite,34,8,2
3440,Onsite,21,5,2
3441,Hybrid,52,15,1
3442,Remote,37,2,1
3443,Hybrid,43,2,1
3444,Remote,39,13,2
3445,Remote,21,13,5
3446,Onsite,26,5,2
3447,Hybrid,51,13,2
3448,Hybrid,47,11,4
3449,Hybrid,57,15,4
3450,Remote,37,1,3
3451,Onsite,36,10,3
3452,Onsite,25,12,1
3453,Onsite,28,10,2
3454,Hybrid,39,8,2
3455,Onsite,22,0,5
3456,Onsite,30,13,5
3457,Onsite,42,5,2
3458,Onsite,44,3,1
3459,Remote,47,9,2
3460,Onsite,50,14,4
3461,Hybrid,55,2,5
3462,Remote,43,11,5
3463,Remote,28,5,3
3464,Hybrid,46,11,2
3465,Remote,48,10,4
3466,Hybrid,36,12,1
3467,Remote,56,14,3
3468,Onsite,31,4,1
3469,Onsite,38,8,2
3470,Hybrid,32,4,1
3471,Hybrid,56,10,4
3472,Hybrid,60,11,2
3473,Onsite,44,15,3
3474,Hybrid,30,4,2
3475,Remote,35,5,2
3476,Hybrid,60,9,4
3477,Remote,59,6,1
3478,Remote,26,10,4
3479,Onsite,58,9,2
3480,Onsite,32,5,2
3481,Hybrid,21,0,4
3482,Hybrid,53,3,3
3483,Onsite,20,3,3
3484,Hybrid,39,12,4
3485,Onsite,44,10,3
3486,Onsite,36,8,3
3487,Remote,52,9,1
3488,Remote,26,6,3
3489,Onsite,36,0,4
3490,Hybrid,56,11,5
3491,Hybrid,47,0,4
3492,Remote,36,8,1
3493,Onsite,55,14,2
3494,Onsite,27,9,1
3495,Remote,24,14,5
3496,Hybrid,29,2,3
3497,Hybrid,37,10,3
3498,Onsite,37,2,2
3499,Hybrid,20,11,3
3500,Onsite,37,8,3
3501,Onsite,54,11,3
3502,Hybrid,38,9,4
3503,Remote,48,6,2
3504,Remote,43,9,3
3505,Hybrid,29,0,4
3506,Remote,33,1,2
3507,Hybrid,54,15,3
3508,Remote,25,12,4
3509,Remote,21,15,5
3510,Remote,53,11,1
3511,Onsite,41,0,1
3512,Onsite,23,14,2
3513,Onsite,26,9,3
3514,Remote,20,5,2
3515,Remote,58,4,2
3516,Hybrid,29,12,4
3517,Onsite,55,0,4
3518,Remote,32,7,4
3519,Remote,29,3,5
3520,Onsite,23,10,3
3521,Onsite,20,2,1
3522,Onsite,29,7,4
3523,Hybrid,28,13,2
3524,Remote,53,0,2
3525,Remote,55,1,5
3526,Onsite,33,5,3
3527,Onsite,33,1,5
3528,Hybrid,44,3,3
3529,Remote,60,3,2
3530,Remote,51,6,2
3531,Onsite,26,11,1
3532,Onsite,23,8,2
3533,Remote,58,3,3
3534,Hybrid,48,11,5
3535,Onsite,33,6,3
3536,Onsite,25,12,4
3537,Onsite,60,3,2
3538,Hybrid,21,11,3
3539,Remote,43,9,1
3540,Remote,31,8,1
3541,Onsite,58,5,3
3542,Hybrid,21,8,4
3543,Onsite,60,7,5
3544,Onsite,30,15,5
3545,Remote,30,4,4
3546,Hybrid,33,12,3
3547,Remote,56,5,3
3548,Remote,46,14,4
3549,Remote,28,6,3
3550,Remote,57,11,3
3551,Onsite,52,2,1
3552,Remote,34,15,4
3553,Onsite,56,9,3
3554,Onsite,43,1,4
3555,Onsite,40,4,1
3556,Onsite,20,10,4
3557,Onsite,50,15,3
3558,Hybrid,57,2,1
3559,Remote,48,10,5
3560,Remote,28,10,3
3561,Remote,29,12,1
3562,Hybrid,45,5,2
3563,Hybrid,26,9,2
3564,Remote,30,4,2
3565,Hybrid,51,7,3
3566,Onsite,43,8,2
3567,Onsite,28,4,5
3568,Hybrid,56,12,3
3569,Remote,56,4,2
3570,Remote,22,6,2
3571,Onsite,60,8,1
3572,Onsite,45,5,4
3573,Onsite,37,15,4
3574,Hybrid,56,9,3
3575,Onsite,26,15,2
3576,Remote,20,6,3
3577,Remote,38,9,2
3578,Remote,29,1,1
3579,Remote,39,1,3
3580,Remote,60,14,5
3581,Remote,38,10,2
3582,Onsite,54,0,2
3583,Onsite,37,9,2
3584,Onsite,29,8,4
3585,Hybrid,58,10,4
3586,Remote,20,2,4
3587,Onsite,56,2,2
3588,Hybrid,43,5,3
3589,Onsite,30,12,1
3590,Onsite,32,10,4
3591,Onsite,39,8,4
3592,Hybrid,29,2,1
3593,Onsite,25,8,4
3594,Hybrid,34,12,1
3595,Hybrid,60,3,3
3596,Onsite,31,4,3
3597,Remote,27,7,2
3598,Hybrid,39,6,3
3599,Onsite,25,13,3
3600,Hybrid,51,8,4
3601,Remote,22,2,1
3602,Hybrid,36,3,2
3603,Remote,38,2,2
3604,Remote,31,14,3
3605,Hybrid,44,12,4
3606,Hybrid,43,6,4
3607,Onsite,28,2,1
3608,Hybrid,33,13,3
3609,Hybrid,57,0,2
3610,Remote,45,14,1
3611,Remote,32,12,4
3612,Hybrid,22,12,4
3613,Remote,50,9,3
3614,Remote,21,15,2
3615,Remote,60,8,4
3616,Hybrid,34,5,1
3617,Hybrid,27,5,3
3618,Hybrid,22,13,3
3619,Hybrid,24,9,1
3620,Onsite,47,4,1
3621,Onsite,20,6,4
3622,Hybrid,52,5,1
3623,Hybrid,56,14,3
3624,Hybrid,30,5,5
3625,Onsite,24,13,3
3626,Hybrid,52,3,4
3627,Hybrid,25,14,5
3628,Remote,38,15,4
3629,Hybrid,50,15,5
3630,Remote,45,14,5
3631,Hybrid,43,2,4
3632,Hybrid,57,1,2
3633,Onsite,20,12,1
3634,Remote,45,15,1
3635,Onsite,39,13,2
3636,Onsite,48,5,4
3637,Remote,49,9,4
3638,Onsite,47,15,5
3639,Hybrid,36,9,5
3640,Onsite,42,3,4
3641,Remote,58,11,4
3642,Onsite,49,11,5
3643,Hybrid,25,4,2
3644,Hybrid,20,14,1
3645,Onsite,39,15,1
3646,Hybrid,43,4,1
3647,Remote,23,1,3
3648,Remote,33,1,5
3649,Hybrid,50,8,2
3650,Onsite,33,3,5
3651,Hybrid,45,0,2
3652,Hybrid,53,2,3
3653,Onsite,24,8,5
3654,Remote,48,7,4
3655,Hybrid,49,2,3
3656,Remote,27,5,2
3657,Onsite,58,15,4
3658,Hybrid,20,5,4
3659,Onsite,21,8,5
3660,Remote,24,12,4
3661,Onsite,36,14,1
3662,Hybrid,35,9,5
3663,Onsite,23,0,3
3664,Onsite,39,14,1
3665,Hybrid,42,13,3
3666,Onsite,29,13,1
3667,Remote,20,8,1
3668,Hybrid,27,7,2
3669,Hybrid,55,11,5
3670,Onsite,48,10,2
3671,Hybrid,20,12,3
3672,Hybrid,41,7,4
3673,Remote,41,15,2
3674,Onsite,23,8,4
3675,Remote,48,1,4
3676,Onsite,36,4,4
3677,Remote,49,0,4
3678,Remote,50,12,1
3679,Onsite,35,12,2
3680,Onsite,24,0,3
3681,Remote,45,11,4
3682,Hybrid,55,8,1
3683,Onsite,36,10,2
3684,Hybrid,20,9,5
3685,Hybrid,39,7,3
3686,Onsite,33,6,1
3687,Onsite,21,3,2
3688,Hybrid,22,8,5
3689,Remote,44,0,1
3690,Remote,39,12,4
3691,Hybrid,33,14,1
3692,Remote,50,9,1
3693,Onsite,29,5,4
3694,Onsite,20,6,2
3695,Hybrid,31,5,5
3696,Onsite,43,10,2
3697,Remote,44,13,2
3698,Onsite,26,9,2
3699,Hybrid,54,14,2
3700,Hybrid,28,11,5
3701,Hybrid,55,9,5
3702,Onsite,20,11,3
3703,Onsite,32,15,4
3704,Remote,43,4,1
3705,Remote,33,2,4
3706,Remote,57,0,3
3707,Remote,39,10,4
3708,Onsite,57,4,4
3709,Onsite,57,3,1
3710,Remote,34,4,5
3711,Onsite,40,12,1
3712,Hybrid,20,7,2
3713,Hybrid,41,2,5
3714,Hybrid,25,3,2
3715,Hybrid,21,12,1
3716,Hybrid,48,2,3
3717,Hybrid,33,8,5
3718,Onsite,33,9,4
3719,Onsite,53,1,1
3720,Remote,26,2,5
3721,Remote,58,15,4
3722,Remote,30,13,2
3723,Onsite,33,7,4
3724,Onsite,37,8,1
3725,Onsite,22,11,1
3726,Hybrid,50,13,2
3727,Hybrid,55,12,1
3728,Onsite,53,13,1
3729,Remote,37,14,1
3730,Remote,60,14,1
3731,Remote,35,3,4
3732,Onsite,41,7,3
3733,Onsite,40,14,4
3734,Onsite,45,1,3
3735,Hybrid,50,3,4
3736,Remote,40,2,4
3737,Hybrid,40,3,5
3738,Onsite,38,8,5
3739,Hybrid,20,6,4
3740,Remote,38,5,1
3741,Remote,41,11,1
3742,Remote,31,0,5
3743,Remote,27,2,4
3744,Hybrid,39,12,1
3745,Hybrid,20,1,2
3746,Remote,33,15,1
3747,Remote,44,3,4
3748,Onsite,22,14,2
3749,Hybrid,33,0,4
3750,Hybrid,46,2,1
3751,Onsite,34,6,4
3752,Onsite,35,6,3
3753,Remote,36,3,5
3754,Remote,31,7,1
3755,Hybrid,45,10,5
3756,Remote,53,14,1
3757,Hybrid,49,5,2
3758,Onsite,60,5,5
3759,Remote,24,1,3
3760,Onsite,58,10,4
3761,Onsite,30,2,5
3762,Hybrid,40,12,5
3763,Hybrid,31,14,5
3764,Remote,28,8,3
3765,Hybrid,34,10,2
3766,Onsite,43,5,1
3767,Remote,27,12,2
3768,Onsite,31,0,4
3769,Onsite,46,2,5
3770,Hybrid,56,7,5
3771,Hybrid,54,0,3
3772,Onsite,54,5,3
3773,Onsite,21,12,2
3774,Remote,27,14,2
3775,Hybrid,20,8,3
3776,Remote,53,6,4
3777,Remote,48,15,5
3778,Hybrid,29,4,5
3779,Remote,26,12,1
3780,Onsite,35,15,5
3781,Remote,50,8,1
3782,Onsite,56,0,5
3783,Onsite,58,5,2
3784,Hybrid,34,6,5
3785,Hybrid,38,14,1
3786,Remote,32,4,2
3787,Remote,53,11,2
3788,Remote,28,11,4
3789,Hybrid,40,3,3
3790,Remote,28,15,5
3791,Onsite,39,4,2
3792,Hybrid,39,12,5
3793,Hybrid,48,10,4
3794,Hybrid,24,2,1
3795,Onsite,48,10,3
3796,Hybrid,24,11,3
3797,Remote,45,14,3
3798,Onsite,23,10,5
3799,Remote,52,8,1
3800,Onsite,60,6,2
3801,Hybrid,31,2,1
3802,Remote,25,1,4
3803,Remote,31,2,3
3804,Hybrid,46,14,5
3805,Onsite,49,13,4
3806,Hybrid,37,2,5
3807,Hybrid,50,4,1
3808,Remote,37,12,4
3809,Onsite,32,0,3
3810,Remote,44,9,1
3811,Remote,31,0,1
3812,Remote,55,10,1
3813,Onsite,30,0,1
3814,Onsite,32,3,2
3815,Remote,21,0,1
3816,Hybrid,46,6,2
3817,Remote,53,12,1
3818,Remote,33,9,1
3819,Hybrid,24,8,2
3820,Onsite,46,7,2
3821,Onsite,33,13,5
3822,Remote,49,5,4
3823,Onsite,47,8,4
3824,Onsite,57,15,2
3825,Remote,33,14,2
3826,Onsite,48,8,5
3827,Onsite,52,9,3
3828,Onsite,45,10,2
3829,Onsite,20,0,5
3830,Remote,42,0,5
3831,Onsite,51,15,4
3832,Onsite,37,13,1
3833,Hybrid,49,1,4
3834,Remote,25,13,4
3835,Onsite,36,15,2
3836,Hybrid,29,9,3
3837,Remote,56,10,2
3838,Remote,40,2,2
3839,Hybrid,38,8,5
3840,Onsite,56,8,5
3841,Remote,46,9,2
3842,Hybrid,55,5,5
3843,Remote,21,11,5
3844,Onsite,59,5,2
3845,Hybrid,42,4,5
3846,Remote,40,14,4
3847,Remote,27,7,3
3848,Onsite,55,4,5
3849,Onsite,43,15,1
3850,Hybrid,52,0,1
3851,Remote,28,4,2
3852,Remote,29,7,5
3853,Remote,38,4,2
3854,Onsite,26,1,3
3855,Hybrid,53,10,4
3856,Onsite,32,10,5
3857,Remote,55,2,4
3858,Remote,21,3,4
3859,Hybrid,45,15,3
3860,Remote,57,5,3
3861,Hybrid,51,15,1
3862,Remote,29,6,5
3863,Hybrid,45,2,4
3864,Onsite,29,12,5
3865,Remote,26,5,3
3866,Onsite,30,5,1
3867,Remote,30,12,4
3868,Hybrid,45,1,3
3869,Onsite,28,9,1
3870,Hybrid,33,4,4
3871,Hybrid,60,2,2
3872,Remote,49,8,3
3873,Hybrid,42,12,3
3874,Hybrid,33,5,3
3875,Remote,33,10,2
3876,Onsite,56,12,1
3877,Onsite,42,13,3
3878,Onsite,57,2,1
3879,Hybrid,41,10,4
3880,Onsite,31,13,1
3881,Onsite,40,0,5
3882,Remote,51,14,4
3883,Onsite,39,6,3
3884,Onsite,60,7,2
3885,Remote,38,12,2
3886,Remote,31,3,5
3887,Remote,54,2,2
3888,Onsite,20,12,4
3889,Hybrid,33,3,3
3890,Hybrid,20,2,5
3891,Onsite,53,12,2
3892,Remote,57,15,1
3893,Remote,58,5,5
3894,Hybrid,57,3,5
3895,Hybrid,38,8,3
3896,Hybrid,42,2,4
3897,Hybrid,28,6,4
3898,Remote,55,3,3
3899,Remote,34,1,1
3900,Hybrid,41,11,2
3901,Hybrid,45,14,3
3902,Onsite,28,10,5
3903,Onsite,54,11,2
3904,Hybrid,29,3,4
3905,Onsite,33,8,2
3906,Remote,30,7,4
3907,Onsite,25,11,2
3908,Onsite,33,11,1
3909,Hybrid,25,8,2
3910,Remote,53,5,4
3911,Hybrid,44,2,2
3912,Onsite,41,11,3
3913,Hybrid,20,0,2
3914,Remote,40,11,1
3915,Onsite,38,2,2
3916,Remote,51,9,2
3917,Hybrid,35,1,4
3918,Remote,25,5,3
3919,Hybrid,46,2,2
3920,Remote,22,5,3
3921,Hybrid,42,11,4
3922,Remote,49,7,5
3923,Hybrid,34,10,4
3924,Onsite,32,5,5
3925,Hybrid,50,10,5
3926,Onsite,52,10,2
3927,Hybrid,24,15,4
3928,Remote,26,0,3
3929,Hybrid,23,6,5
3930,Hybrid,57,4,5
3931,Onsite,24,2,1
3932,Hybrid,34,1,1
3933,Remote,58,0,4
